{
  "pause_similarity": 0.2613532681248789,
  "pitch_similarity": 0.45387862305313387,
  "energy_similarity": 0.42726210251414726,
  "rhythm_similarity": 0.6710233622566915,
  "vowel_similarity": 0.5879126015926821,
  "overall": 0.45272237994908027
}