{
  "pause_similarity": 0.7234652555479603,
  "pitch_similarity": 0.48429753243661255,
  "energy_similarity": 0.5529606632457511,
  "rhythm_similarity": 0.7026259195657657,
  "vowel_similarity": 0.6198654014696108,
  "overall": 0.6322836749546594
}