{
  "pause_similarity": 0.12307692307692308,
  "pitch_similarity": 0.41332983061707457,
  "energy_similarity": 0.4631005280560941,
  "rhythm_similarity": 0.6217265730058722,
  "vowel_similarity": 0.34698255259453303,
  "overall": 0.3371435886749503
}