{
  "alignment_count": 1,
  "text_similarity": {
    "mean": 0.4749816060066223,
    "min": 0.4749816060066223,
    "max": 0.4749816060066223
  },
  "temporal_similarity": {
    "mean": 0.5352466600918753,
    "min": 0.5352466600918753,
    "max": 0.5352466600918753
  },
  "overall_similarity": {
    "mean": 0.4686239806789606,
    "min": 0.4686239806789606,
    "max": 0.4686239806789606
  },
  "mapping_types": {
    "one_to_one": 1,
    "n_to_m": 0
  },
  "fallback_count": 0,
  "missing_segments_count": 0
}