{
  "pause_similarity": 0.6661741788029278,
  "pitch_similarity": 0.6244373940381648,
  "energy_similarity": 0.46248363260927855,
  "rhythm_similarity": 0.5158687240687311,
  "vowel_similarity": 0.7567885797243842,
  "overall": 0.6334161658907389
}