{
  "alignment_count": 1,
  "text_similarity": {
    "mean": 0.5098405480384827,
    "min": 0.5098405480384827,
    "max": 0.5098405480384827
  },
  "temporal_similarity": {
    "mean": 0.9503903531438416,
    "min": 0.9503903531438416,
    "max": 0.9503903531438416
  },
  "overall_similarity": {
    "mean": 0.6957664258041012,
    "min": 0.6957664258041012,
    "max": 0.6957664258041012
  },
  "mapping_types": {
    "one_to_one": 1,
    "n_to_m": 0
  },
  "fallback_count": 0,
  "missing_segments_count": 0
}