{
  "alignment_count": 1,
  "text_similarity": {
    "mean": 0.49039366841316223,
    "min": 0.49039366841316223,
    "max": 0.49039366841316223
  },
  "temporal_similarity": {
    "mean": 0.8657972602739725,
    "min": 0.8657972602739725,
    "max": 0.8657972602739725
  },
  "overall_similarity": {
    "mean": 0.6378346424257593,
    "min": 0.6378346424257593,
    "max": 0.6378346424257593
  },
  "mapping_types": {
    "one_to_one": 0,
    "n_to_m": 1
  },
  "fallback_count": 0,
  "missing_segments_count": 0
}