{
  "pause_similarity": 0.2,
  "pitch_similarity": 0.4597615702667889,
  "energy_similarity": 0.35252015969185885,
  "rhythm_similarity": 0.8940985198496738,
  "vowel_similarity": 0.775285793788641,
  "overall": 0.49847577908661034
}