{
  "pause_similarity": 0.1,
  "pitch_similarity": 0.43054180050191626,
  "energy_similarity": 0.38896394079349583,
  "rhythm_similarity": 0.6465437362372617,
  "vowel_similarity": 0.6146593276464075,
  "overall": 0.3998991401265392
}