{
  "pause_similarity": 0.018181818181818184,
  "pitch_similarity": 0.566087989141553,
  "energy_similarity": 0.31753761767452493,
  "rhythm_similarity": 0.47160902498297586,
  "vowel_similarity": 0.48832567521100045,
  "overall": 0.3192294729652035
}