{
  "pause_similarity": 0.45722065607038853,
  "pitch_similarity": 0.4761902969097662,
  "energy_similarity": 0.557507912302637,
  "rhythm_similarity": 0.6608243238214604,
  "vowel_similarity": 0.4397683504143435,
  "overall": 0.49429974647906966
}