{
  "pause_similarity": 0.04000000000000001,
  "pitch_similarity": 0.5195760511963332,
  "energy_similarity": 0.38539596363783335,
  "rhythm_similarity": 0.6448607533321336,
  "vowel_similarity": 0.6252893034287016,
  "overall": 0.3931096642090238
}