{
  "pause_similarity": 0.6124945652508382,
  "pitch_similarity": 0.5707531103188145,
  "energy_similarity": 0.5623891654610251,
  "rhythm_similarity": 0.7084998997785221,
  "vowel_similarity": 0.49215910092824483,
  "overall": 0.5717992339556636
}