{
  "alignment_count": 1,
  "text_similarity": {
    "mean": 0.6082202196121216,
    "min": 0.6082202196121216,
    "max": 0.6082202196121216
  },
  "temporal_similarity": {
    "mean": 0.9602820305694816,
    "min": 0.9602820305694816,
    "max": 0.9602820305694816
  },
  "overall_similarity": {
    "mean": 0.7122887291667324,
    "min": 0.7122887291667324,
    "max": 0.7122887291667324
  },
  "mapping_types": {
    "one_to_one": 1,
    "n_to_m": 0
  },
  "fallback_count": 0,
  "missing_segments_count": 0
}