{
  "pause_similarity": 0.0,
  "pitch_similarity": 0.44341908384997814,
  "energy_similarity": 0.39163396071771495,
  "rhythm_similarity": 0.6556222258023074,
  "vowel_similarity": 0.4180480831522978,
  "overall": 0.31364534805446087
}