{
  "alignment_count": 1,
  "text_similarity": {
    "mean": 0.6490253806114197,
    "min": 0.6490253806114197,
    "max": 0.6490253806114197
  },
  "temporal_similarity": {
    "mean": 0.863473314984019,
    "min": 0.863473314984019,
    "max": 0.863473314984019
  },
  "overall_similarity": {
    "mean": 0.715291342292925,
    "min": 0.715291342292925,
    "max": 0.715291342292925
  },
  "mapping_types": {
    "one_to_one": 1,
    "n_to_m": 0
  },
  "fallback_count": 0,
  "missing_segments_count": 0
}