{
  "alignment_count": 1,
  "text_similarity": {
    "mean": 0.5255401730537415,
    "min": 0.5255401730537415,
    "max": 0.5255401730537415
  },
  "temporal_similarity": {
    "mean": 0.5136683764866258,
    "min": 0.5136683764866258,
    "max": 0.5136683764866258
  },
  "overall_similarity": {
    "mean": 0.4921398305781828,
    "min": 0.4921398305781828,
    "max": 0.4921398305781828
  },
  "mapping_types": {
    "one_to_one": 1,
    "n_to_m": 0
  },
  "fallback_count": 0,
  "missing_segments_count": 0
}