{
  "pause_similarity": 0.16000000000000003,
  "pitch_similarity": 0.5532027892875607,
  "energy_similarity": 0.3689305122143811,
  "rhythm_similarity": 0.7068507360891588,
  "vowel_similarity": 0.7433697134938079,
  "overall": 0.47080236902869055
}