{
  "pause_similarity": 0.48708224830241625,
  "pitch_similarity": 0.48768833119545857,
  "energy_similarity": 0.45065829985408773,
  "rhythm_similarity": 0.574608646080043,
  "vowel_similarity": 0.5706622924364012,
  "overall": 0.513684719920013
}