{
  "pause_similarity": 0.044444444444444446,
  "pitch_similarity": 0.4828234114709063,
  "energy_similarity": 0.4426047863191283,
  "rhythm_similarity": 0.7075508902627865,
  "vowel_similarity": 0.7,
  "overall": 0.4308917207705283
}