{
  "pause_similarity": 0.5517347254861193,
  "pitch_similarity": 0.5505140266592801,
  "energy_similarity": 0.3751527944236669,
  "rhythm_similarity": 0.6819519953679467,
  "vowel_similarity": 0.6466834409481148,
  "overall": 0.5578026110177263
}