{
  "pause_similarity": 0.0,
  "pitch_similarity": 0.4472251199339047,
  "energy_similarity": 0.3927151282392656,
  "rhythm_similarity": 0.6296261158343417,
  "vowel_similarity": 0.8125630422628185,
  "overall": 0.4299970619035233
}