{
  "pause_similarity": 0.44240393980458337,
  "pitch_similarity": 0.5003299133383239,
  "energy_similarity": 0.3248696977090538,
  "rhythm_similarity": 0.6515201305564589,
  "vowel_similarity": 0.586447711190796,
  "overall": 0.48881443922990275
}