{
  "alignment_count": 1,
  "text_similarity": {
    "mean": 0.4380209743976593,
    "min": 0.4380209743976593,
    "max": 0.4380209743976593
  },
  "temporal_similarity": {
    "mean": 0.8728008667388949,
    "min": 0.8728008667388949,
    "max": 0.8728008667388949
  },
  "overall_similarity": {
    "mean": 0.6080498804816032,
    "min": 0.6080498804816032,
    "max": 0.6080498804816032
  },
  "mapping_types": {
    "one_to_one": 1,
    "n_to_m": 0
  },
  "fallback_count": 0,
  "missing_segments_count": 0
}