{
  "pause_similarity": 0.17142857142857143,
  "pitch_similarity": 0.3951170308918047,
  "energy_similarity": 0.317370517536972,
  "rhythm_similarity": 0.5821738799669418,
  "vowel_similarity": 0.45949107483807927,
  "overall": 0.35047908847326426
}