{
  "alignment_count": 1,
  "text_similarity": {
    "mean": 0.4910992681980133,
    "min": 0.4910992681980133,
    "max": 0.4910992681980133
  },
  "temporal_similarity": {
    "mean": 0.8548161854043277,
    "min": 0.8548161854043277,
    "max": 0.8548161854043277
  },
  "overall_similarity": {
    "mean": 0.6294025824224689,
    "min": 0.6294025824224689,
    "max": 0.6294025824224689
  },
  "mapping_types": {
    "one_to_one": 1,
    "n_to_m": 0
  },
  "fallback_count": 0,
  "missing_segments_count": 0
}