{
  "pause_similarity": 0.16000000000000003,
  "pitch_similarity": 0.5861811795538616,
  "energy_similarity": 0.5633084074095187,
  "rhythm_similarity": 0.7069959561446628,
  "vowel_similarity": 0.7,
  "overall": 0.49997939505175615
}