{
  "alignment_count": 1,
  "text_similarity": {
    "mean": 0.5880481600761414,
    "min": 0.5880481600761414,
    "max": 0.5880481600761414
  },
  "temporal_similarity": {
    "mean": 0.8486014928867119,
    "min": 0.8486014928867119,
    "max": 0.8486014928867119
  },
  "overall_similarity": {
    "mean": 0.6262924944311818,
    "min": 0.6262924944311818,
    "max": 0.6262924944311818
  },
  "mapping_types": {
    "one_to_one": 1,
    "n_to_m": 0
  },
  "fallback_count": 0,
  "missing_segments_count": 0
}