{
  "pause_similarity": 0.2,
  "pitch_similarity": 0.470636307997726,
  "energy_similarity": 0.40675528071247996,
  "rhythm_similarity": 0.6021145504679548,
  "vowel_similarity": 0.8386547347692164,
  "overall": 0.500222562419829
}