{
  "alignment_count": 1,
  "text_similarity": {
    "mean": 0.47066664695739746,
    "min": 0.47066664695739746,
    "max": 0.47066664695739746
  },
  "temporal_similarity": {
    "mean": 0.5495417864923747,
    "min": 0.5495417864923747,
    "max": 0.5495417864923747
  },
  "overall_similarity": {
    "mean": 0.5059442565630435,
    "min": 0.5059442565630435,
    "max": 0.5059442565630435
  },
  "mapping_types": {
    "one_to_one": 1,
    "n_to_m": 0
  },
  "fallback_count": 0,
  "missing_segments_count": 0
}