{
  "pause_similarity": 0.1798635638479389,
  "pitch_similarity": 0.4933606062013867,
  "energy_similarity": 0.4599857686760105,
  "rhythm_similarity": 0.6325997045223901,
  "vowel_similarity": 0.6961093359533939,
  "overall": 0.46738505474797964
}