{
  "pause_similarity": 0.442679519341286,
  "pitch_similarity": 0.5613351132544891,
  "energy_similarity": 0.4056087023243532,
  "rhythm_similarity": 0.5789354792322965,
  "vowel_similarity": 0.5202129120991777,
  "overall": 0.4840165291456883
}