{
  "pause_similarity": 0.6757575760460607,
  "pitch_similarity": 0.503766174025003,
  "energy_similarity": 0.5785121472740267,
  "rhythm_similarity": 0.7222063677773052,
  "vowel_similarity": 0.5122502497570774,
  "overall": 0.5947020313759777
}