{
  "alignment_count": 1,
  "text_similarity": {
    "mean": 0.502860963344574,
    "min": 0.502860963344574,
    "max": 0.502860963344574
  },
  "temporal_similarity": {
    "mean": 0.0490952015035227,
    "min": 0.0490952015035227,
    "max": 0.0490952015035227
  },
  "overall_similarity": {
    "mean": 0.46560355343216775,
    "min": 0.46560355343216775,
    "max": 0.46560355343216775
  },
  "mapping_types": {
    "one_to_one": 1,
    "n_to_m": 0
  },
  "fallback_count": 0,
  "missing_segments_count": 0
}