{
  "pause_similarity": 0.1,
  "pitch_similarity": 0.4979048375153587,
  "energy_similarity": 0.33869907349409223,
  "rhythm_similarity": 0.7516560606830788,
  "vowel_similarity": 0.40368620330018945,
  "overall": 0.343801765508719
}