{
  "pause_similarity": 0.1,
  "pitch_similarity": 0.5519819449009694,
  "energy_similarity": 0.5725118380274913,
  "rhythm_similarity": 0.6268802421242066,
  "vowel_similarity": 0.4487124017607683,
  "overall": 0.3970023068362464
}