{
  "pause_similarity": 0.2,
  "pitch_similarity": 0.43267338087043433,
  "energy_similarity": 0.4021623175066511,
  "rhythm_similarity": 0.5778891641693157,
  "vowel_similarity": 0.7325089967012115,
  "overall": 0.4612414170156687
}