{
  "alignment_count": 1,
  "text_similarity": {
    "mean": 0.5943610668182373,
    "min": 0.5943610668182373,
    "max": 0.5943610668182373
  },
  "temporal_similarity": {
    "mean": 0.8785165247018739,
    "min": 0.8785165247018739,
    "max": 0.8785165247018739
  },
  "overall_similarity": {
    "mean": 0.6836104281881547,
    "min": 0.6836104281881547,
    "max": 0.6836104281881547
  },
  "mapping_types": {
    "one_to_one": 1,
    "n_to_m": 0
  },
  "fallback_count": 0,
  "missing_segments_count": 0
}