{
  "pause_similarity": 0.17142857142857143,
  "pitch_similarity": 0.4621463639799135,
  "energy_similarity": 0.48772295855085973,
  "rhythm_similarity": 0.6749170997679892,
  "vowel_similarity": 0.7970287526739006,
  "overall": 0.5017881353157039
}