{
  "pause_similarity": 0.20090208038169255,
  "pitch_similarity": 0.555157084228621,
  "energy_similarity": 0.5852345204364189,
  "rhythm_similarity": 0.6664709556154559,
  "vowel_similarity": 0.3655377704104025,
  "overall": 0.40914166330932
}