{
  "alignment_count": 1,
  "text_similarity": {
    "mean": 0.5809252262115479,
    "min": 0.5809252262115479,
    "max": 0.5809252262115479
  },
  "temporal_similarity": {
    "mean": 0.555318035526859,
    "min": 0.555318035526859,
    "max": 0.555318035526859
  },
  "overall_similarity": {
    "mean": 0.6020416332568949,
    "min": 0.6020416332568949,
    "max": 0.6020416332568949
  },
  "mapping_types": {
    "one_to_one": 1,
    "n_to_m": 0
  },
  "fallback_count": 0,
  "missing_segments_count": 0
}