{
  "alignment_count": 1,
  "text_similarity": {
    "mean": 0.5318596363067627,
    "min": 0.5318596363067627,
    "max": 0.5318596363067627
  },
  "temporal_similarity": {
    "mean": 0.5389480007257597,
    "min": 0.5389480007257597,
    "max": 0.5389480007257597
  },
  "overall_similarity": {
    "mean": 0.5611272804102273,
    "min": 0.5611272804102273,
    "max": 0.5611272804102273
  },
  "mapping_types": {
    "one_to_one": 1,
    "n_to_m": 0
  },
  "fallback_count": 0,
  "missing_segments_count": 0
}