{
  "pause_similarity": 0.13333333333333333,
  "pitch_similarity": 0.40033116731300467,
  "energy_similarity": 0.337776401154536,
  "rhythm_similarity": 0.5940630373970016,
  "vowel_similarity": 0.7,
  "overall": 0.4169947007019078
}