{
  "pause_similarity": 0.30000000000000004,
  "pitch_similarity": 0.5345130516429794,
  "energy_similarity": 0.36299546155968554,
  "rhythm_similarity": 0.6284053771789395,
  "vowel_similarity": 0.7569460123733298,
  "overall": 0.505974738906128
}