{
  "pause_similarity": 0.1,
  "pitch_similarity": 0.43832811860737053,
  "energy_similarity": 0.4832398518923353,
  "rhythm_similarity": 0.6451196896996261,
  "vowel_similarity": 0.7830039370006159,
  "overall": 0.4698939323093515
}