{
  "pause_similarity": 0.13333333333333333,
  "pitch_similarity": 0.5131269383837126,
  "energy_similarity": 0.32062399889051374,
  "rhythm_similarity": 0.4734616968727171,
  "vowel_similarity": 0.5124975640650884,
  "overall": 0.35653293252327223
}