{
  "pause_similarity": 0.2,
  "pitch_similarity": 0.4630486087950664,
  "energy_similarity": 0.49322996068289265,
  "rhythm_similarity": 0.6199944830388695,
  "vowel_similarity": 0.6604744247250387,
  "overall": 0.4650926287374837
}