{
  "alignment_count": 1,
  "text_similarity": {
    "mean": 0.5021969079971313,
    "min": 0.5021969079971313,
    "max": 0.5021969079971313
  },
  "temporal_similarity": {
    "mean": 0.8456655211710558,
    "min": 0.8456655211710558,
    "max": 0.8456655211710558
  },
  "overall_similarity": {
    "mean": 0.6583390610817923,
    "min": 0.6583390610817923,
    "max": 0.6583390610817923
  },
  "mapping_types": {
    "one_to_one": 1,
    "n_to_m": 0
  },
  "fallback_count": 0,
  "missing_segments_count": 0
}