{
  "alignment_count": 1,
  "text_similarity": {
    "mean": 0.5468120574951172,
    "min": 0.5468120574951172,
    "max": 0.5468120574951172
  },
  "temporal_similarity": {
    "mean": 0.8265051224944321,
    "min": 0.8265051224944321,
    "max": 0.8265051224944321
  },
  "overall_similarity": {
    "mean": 0.6037230645847725,
    "min": 0.6037230645847725,
    "max": 0.6037230645847725
  },
  "mapping_types": {
    "one_to_one": 1,
    "n_to_m": 0
  },
  "fallback_count": 0,
  "missing_segments_count": 0
}