{
  "pause_similarity": 0.47487659653604974,
  "pitch_similarity": 0.5296453179265419,
  "energy_similarity": 0.4972577752529891,
  "rhythm_similarity": 0.6135341975951063,
  "vowel_similarity": 0.47736211022308617,
  "overall": 0.49944111863050344
}