{
  "pause_similarity": 0.0,
  "pitch_similarity": 0.5014622756157645,
  "energy_similarity": 0.5120300679723644,
  "rhythm_similarity": 0.6383040795986372,
  "vowel_similarity": 0.28035663089064555,
  "overall": 0.3004896383831067
}