{
  "pause_similarity": 0.26666666666666666,
  "pitch_similarity": 0.5039075478756984,
  "energy_similarity": 0.23226252245490042,
  "rhythm_similarity": 0.7587777733544059,
  "vowel_similarity": 0.7,
  "overall": 0.46272103661399056
}