{
  "pause_similarity": 0.0,
  "pitch_similarity": 0.4857902612292261,
  "energy_similarity": 0.3427356811206571,
  "rhythm_similarity": 0.5473514204364383,
  "vowel_similarity": 0.653571428571433,
  "overall": 0.36793273296212775
}