{
  "pause_similarity": 0.10909090909090909,
  "pitch_similarity": 0.44341649762000734,
  "energy_similarity": 0.398770279363809,
  "rhythm_similarity": 0.4594357455704768,
  "vowel_similarity": 0.666195373431061,
  "overall": 0.4026251649484013
}