{
  "pause_similarity": 0.0,
  "pitch_similarity": 0.48877054040671564,
  "energy_similarity": 0.46813755537212076,
  "rhythm_similarity": 0.7139836145750427,
  "vowel_similarity": 0.47857142857142765,
  "overall": 0.3574743551440283
}