{
  "pause_similarity": 0.2,
  "pitch_similarity": 0.5042166170787042,
  "energy_similarity": 0.330251467047579,
  "rhythm_similarity": 0.5385199027354022,
  "vowel_similarity": 0.5751487960145052,
  "overall": 0.402868584195278
}