{
  "pause_similarity": 0.0,
  "pitch_similarity": 0.4877811287669276,
  "energy_similarity": 0.6881129748039323,
  "rhythm_similarity": 0.8509330467191031,
  "vowel_similarity": 0.7,
  "overall": 0.4814940125093895
}