{
  "alignment_count": 1,
  "text_similarity": {
    "mean": 0.46901610493659973,
    "min": 0.46901610493659973,
    "max": 0.46901610493659973
  },
  "temporal_similarity": {
    "mean": 0.550992935802122,
    "min": 0.550992935802122,
    "max": 0.550992935802122
  },
  "overall_similarity": {
    "mean": 0.555749904401939,
    "min": 0.555749904401939,
    "max": 0.555749904401939
  },
  "mapping_types": {
    "one_to_one": 1,
    "n_to_m": 0
  },
  "fallback_count": 0,
  "missing_segments_count": 0
}