{
  "pause_similarity": 0.02666666666666667,
  "pitch_similarity": 0.4991500938898782,
  "energy_similarity": 0.39271767912296773,
  "rhythm_similarity": 0.5294141124011704,
  "vowel_similarity": 0.69595749746067,
  "overall": 0.39818720569189947
}