{
  "alignment_count": 1,
  "text_similarity": {
    "mean": 0.552998960018158,
    "min": 0.552998960018158,
    "max": 0.552998960018158
  },
  "temporal_similarity": {
    "mean": 0.807673733091056,
    "min": 0.807673733091056,
    "max": 0.807673733091056
  },
  "overall_similarity": {
    "mean": 0.6485976831183057,
    "min": 0.6485976831183057,
    "max": 0.6485976831183057
  },
  "mapping_types": {
    "one_to_one": 1,
    "n_to_m": 0
  },
  "fallback_count": 0,
  "missing_segments_count": 0
}