{
  "pause_similarity": 0.0,
  "pitch_similarity": 0.493148807569645,
  "energy_similarity": 0.41712728420076733,
  "rhythm_similarity": 0.5175572692246523,
  "vowel_similarity": 0.578854905379742,
  "overall": 0.35815253613350584
}