{
  "alignment_count": 1,
  "text_similarity": {
    "mean": 0.5331658124923706,
    "min": 0.5331658124923706,
    "max": 0.5331658124923706
  },
  "temporal_similarity": {
    "mean": 0.88735067355757,
    "min": 0.88735067355757,
    "max": 0.88735067355757
  },
  "overall_similarity": {
    "mean": 0.6322556491603074,
    "min": 0.6322556491603074,
    "max": 0.6322556491603074
  },
  "mapping_types": {
    "one_to_one": 1,
    "n_to_m": 0
  },
  "fallback_count": 0,
  "missing_segments_count": 0
}