{
  "pause_similarity": 0.10909090909090909,
  "pitch_similarity": 0.5037082624029535,
  "energy_similarity": 0.41735507567551816,
  "rhythm_similarity": 0.6391969346781061,
  "vowel_similarity": 0.5247332384131711,
  "overall": 0.38790877909443366
}