{
  "pause_similarity": 0.4,
  "pitch_similarity": 0.41447945770982286,
  "energy_similarity": 0.585546713840203,
  "rhythm_similarity": 0.4897678273022328,
  "vowel_similarity": 0.6988987698950584,
  "overall": 0.5372037022377637
}