{
  "alignment_count": 1,
  "text_similarity": {
    "mean": 0.5547229647636414,
    "min": 0.5547229647636414,
    "max": 0.5547229647636414
  },
  "temporal_similarity": {
    "mean": 0.5551907985663753,
    "min": 0.5551907985663753,
    "max": 0.5551907985663753
  },
  "overall_similarity": {
    "mean": 0.5887660061299926,
    "min": 0.5887660061299926,
    "max": 0.5887660061299926
  },
  "mapping_types": {
    "one_to_one": 1,
    "n_to_m": 0
  },
  "fallback_count": 0,
  "missing_segments_count": 0
}