{
  "alignment_count": 1,
  "text_similarity": {
    "mean": 0.5240704417228699,
    "min": 0.5240704417228699,
    "max": 0.5240704417228699
  },
  "temporal_similarity": {
    "mean": 0.9057070175438596,
    "min": 0.9057070175438596,
    "max": 0.9057070175438596
  },
  "overall_similarity": {
    "mean": 0.64491351432236,
    "min": 0.64491351432236,
    "max": 0.64491351432236
  },
  "mapping_types": {
    "one_to_one": 1,
    "n_to_m": 0
  },
  "fallback_count": 0,
  "missing_segments_count": 0
}