{
  "pause_similarity": 0.05333333333333334,
  "pitch_similarity": 0.46645477120948026,
  "energy_similarity": 0.4414189758417583,
  "rhythm_similarity": 0.5916451370086862,
  "vowel_similarity": 0.4683648539167178,
  "overall": 0.3506032421651837
}