{
  "pause_similarity": 0.4428973847237381,
  "pitch_similarity": 0.46438190169594484,
  "energy_similarity": 0.4175912650073287,
  "rhythm_similarity": 0.6256206032872653,
  "vowel_similarity": 0.41545094403580723,
  "overall": 0.45002300212765034
}