{
  "pause_similarity": 0.6129627029951193,
  "pitch_similarity": 0.5156596117880442,
  "energy_similarity": 0.5019307001214387,
  "rhythm_similarity": 0.6612105860905595,
  "vowel_similarity": 0.3868783380403359,
  "overall": 0.5180254721227847
}