{
  "pause_similarity": 0.0,
  "pitch_similarity": 0.5242580757361548,
  "energy_similarity": 0.297744098813427,
  "rhythm_similarity": 0.4786207884342172,
  "vowel_similarity": 0.9513143836013025,
  "overall": 0.4452310212601134
}