{
  "pause_similarity": 0.04000000000000001,
  "pitch_similarity": 0.46691435786583296,
  "energy_similarity": 0.4711013585876866,
  "rhythm_similarity": 0.5746160609897828,
  "vowel_similarity": 0.48423223730380366,
  "overall": 0.35564298479424
}