{
  "alignment_count": 1,
  "text_similarity": {
    "mean": 0.5868244171142578,
    "min": 0.5868244171142578,
    "max": 0.5868244171142578
  },
  "temporal_similarity": {
    "mean": 0.5447129569720905,
    "min": 0.5447129569720905,
    "max": 0.5447129569720905
  },
  "overall_similarity": {
    "mean": 0.563722915910548,
    "min": 0.563722915910548,
    "max": 0.563722915910548
  },
  "mapping_types": {
    "one_to_one": 1,
    "n_to_m": 0
  },
  "fallback_count": 0,
  "missing_segments_count": 0
}