{
  "pause_similarity": 0.2,
  "pitch_similarity": 0.48943794862320295,
  "energy_similarity": 0.4223392473843596,
  "rhythm_similarity": 0.5110926147366136,
  "vowel_similarity": 0.5801464391065441,
  "overall": 0.41856483754481677
}