{
  "alignment_count": 1,
  "text_similarity": {
    "mean": 0.5089806318283081,
    "min": 0.5089806318283081,
    "max": 0.5089806318283081
  },
  "temporal_similarity": {
    "mean": 0.8133656637168142,
    "min": 0.8133656637168142,
    "max": 0.8133656637168142
  },
  "overall_similarity": {
    "mean": 0.5954844076277501,
    "min": 0.5954844076277501,
    "max": 0.5954844076277501
  },
  "mapping_types": {
    "one_to_one": 1,
    "n_to_m": 0
  },
  "fallback_count": 0,
  "missing_segments_count": 0
}