{
  "alignment_count": 1,
  "text_similarity": {
    "mean": 0.2,
    "min": 0.2,
    "max": 0.2
  },
  "temporal_similarity": {
    "mean": 0.7440763773955006,
    "min": 0.7440763773955006,
    "max": 0.7440763773955006
  },
  "overall_similarity": {
    "mean": 0.44447718318649654,
    "min": 0.44447718318649654,
    "max": 0.44447718318649654
  },
  "mapping_types": {
    "one_to_one": 1,
    "n_to_m": 0
  },
  "fallback_count": 1,
  "missing_segments_count": 0
}