{
  "pause_similarity": 0.30000000000000004,
  "pitch_similarity": 0.6412848818754378,
  "energy_similarity": 0.38614096612562687,
  "rhythm_similarity": 0.4952242082258005,
  "vowel_similarity": 0.9249999999999992,
  "overall": 0.558379102235249
}