{
  "pause_similarity": 0.6898989902760942,
  "pitch_similarity": 0.516521695655529,
  "energy_similarity": 0.5716594583170268,
  "rhythm_similarity": 0.705530895660237,
  "vowel_similarity": 0.7575757575757571,
  "overall": 0.6707795751505373
}