{
  "pause_similarity": 0.1,
  "pitch_similarity": 0.4835758118244753,
  "energy_similarity": 0.384738929928986,
  "rhythm_similarity": 0.3257801461025768,
  "vowel_similarity": 0.7,
  "overall": 0.39788338177850247
}