{
  "alignment_count": 1,
  "text_similarity": {
    "mean": 0.2,
    "min": 0.2,
    "max": 0.2
  },
  "temporal_similarity": {
    "mean": 0.7382301876863344,
    "min": 0.7382301876863344,
    "max": 0.7382301876863344
  },
  "overall_similarity": {
    "mean": 0.4409244986709263,
    "min": 0.4409244986709263,
    "max": 0.4409244986709263
  },
  "mapping_types": {
    "one_to_one": 1,
    "n_to_m": 0
  },
  "fallback_count": 1,
  "missing_segments_count": 0
}