{
  "alignment_count": 1,
  "text_similarity": {
    "mean": 0.2,
    "min": 0.2,
    "max": 0.2
  },
  "temporal_similarity": {
    "mean": 0.796709699356993,
    "min": 0.796709699356993,
    "max": 0.796709699356993
  },
  "overall_similarity": {
    "mean": 0.47646204807078807,
    "min": 0.47646204807078807,
    "max": 0.47646204807078807
  },
  "mapping_types": {
    "one_to_one": 1,
    "n_to_m": 0
  },
  "fallback_count": 1,
  "missing_segments_count": 0
}