{
  "pause_similarity": 0.0,
  "pitch_similarity": 0.4170399074786303,
  "energy_similarity": 0.31621655294633927,
  "rhythm_similarity": 0.5503662572368452,
  "vowel_similarity": 0.8685197542821368,
  "overall": 0.4205398533454564
}