{
  "alignment_count": 1,
  "text_similarity": {
    "mean": 0.4846108853816986,
    "min": 0.4846108853816986,
    "max": 0.4846108853816986
  },
  "temporal_similarity": {
    "mean": 0.9854297920328128,
    "min": 0.9854297920328128,
    "max": 0.9854297920328128
  },
  "overall_similarity": {
    "mean": 0.6859951688604028,
    "min": 0.6859951688604028,
    "max": 0.6859951688604028
  },
  "mapping_types": {
    "one_to_one": 1,
    "n_to_m": 0
  },
  "fallback_count": 0,
  "missing_segments_count": 0
}