{
  "pause_similarity": 0.05714285714285714,
  "pitch_similarity": 0.4503117569086832,
  "energy_similarity": 0.6136834401767604,
  "rhythm_similarity": 0.5071914393353141,
  "vowel_similarity": 0.5899547754393866,
  "overall": 0.4126162974344249
}