{
  "alignment_count": 1,
  "text_similarity": {
    "mean": 0.3824484050273895,
    "min": 0.3824484050273895,
    "max": 0.3824484050273895
  },
  "temporal_similarity": {
    "mean": 0.5575092438990267,
    "min": 0.5575092438990267,
    "max": 0.5575092438990267
  },
  "overall_similarity": {
    "mean": 0.48125308630753366,
    "min": 0.48125308630753366,
    "max": 0.48125308630753366
  },
  "mapping_types": {
    "one_to_one": 1,
    "n_to_m": 0
  },
  "fallback_count": 0,
  "missing_segments_count": 0
}