{
  "pause_similarity": 0.20885374210559285,
  "pitch_similarity": 0.4933116395661236,
  "energy_similarity": 0.3286402751685093,
  "rhythm_similarity": 0.6520139898554826,
  "vowel_similarity": 0.5750549428053496,
  "overall": 0.41543322344914524
}