{
  "alignment_count": 1,
  "text_similarity": {
    "mean": 0.5353671312332153,
    "min": 0.5353671312332153,
    "max": 0.5353671312332153
  },
  "temporal_similarity": {
    "mean": 0.810776512455516,
    "min": 0.810776512455516,
    "max": 0.810776512455516
  },
  "overall_similarity": {
    "mean": 0.6163047755810205,
    "min": 0.6163047755810205,
    "max": 0.6163047755810205
  },
  "mapping_types": {
    "one_to_one": 1,
    "n_to_m": 0
  },
  "fallback_count": 0,
  "missing_segments_count": 0
}