{
  "pause_similarity": 0.2904869674935072,
  "pitch_similarity": 0.47744947853557274,
  "energy_similarity": 0.4774310453249251,
  "rhythm_similarity": 0.5281635786551817,
  "vowel_similarity": 0.591731932823742,
  "overall": 0.4607131848792353
}