{
  "pause_similarity": 0.044444444444444446,
  "pitch_similarity": 0.593790518806616,
  "energy_similarity": 0.3661253897726363,
  "rhythm_similarity": 0.7147327473637078,
  "vowel_similarity": 0.43162018755460463,
  "overall": 0.34689679417127434
}