{
  "pause_similarity": 0.35270207895837724,
  "pitch_similarity": 0.6875890674811705,
  "energy_similarity": 0.5541309933812859,
  "rhythm_similarity": 0.5108544276322133,
  "vowel_similarity": 0.9112691229906833,
  "overall": 0.6098619087723138
}