{
  "pause_similarity": 0.05,
  "pitch_similarity": 0.4901898805183377,
  "energy_similarity": 0.3308229486214055,
  "rhythm_similarity": 0.85501935958496,
  "vowel_similarity": 0.8012566560494189,
  "overall": 0.4560625105494366
}