{
  "pause_similarity": 0.08888888888888889,
  "pitch_similarity": 0.4520830341107958,
  "energy_similarity": 0.3801238218222637,
  "rhythm_similarity": 0.6547670720267321,
  "vowel_similarity": 0.9689759211256741,
  "overall": 0.5040692179825745
}