{
  "pause_similarity": 0.08888888888888889,
  "pitch_similarity": 0.5402554941368964,
  "energy_similarity": 0.4739356540118979,
  "rhythm_similarity": 0.5071937049766212,
  "vowel_similarity": 0.6692424806777164,
  "overall": 0.42697146158371296
}