{
  "pause_similarity": 0.11428571428571428,
  "pitch_similarity": 0.6317609378685154,
  "energy_similarity": 0.36653843776710504,
  "rhythm_similarity": 0.6723233502275197,
  "vowel_similarity": 0.7004028056527523,
  "overall": 0.4481226723445645
}