{
  "pause_similarity": 0.08888888888888889,
  "pitch_similarity": 0.45712988637427476,
  "energy_similarity": 0.37318737900977317,
  "rhythm_similarity": 0.6677186750472972,
  "vowel_similarity": 0.6729954911578717,
  "overall": 0.41568764595814006
}