{
  "pause_similarity": 0.4993433273341359,
  "pitch_similarity": 0.5438906073572565,
  "energy_similarity": 0.43468988408538456,
  "rhythm_similarity": 0.5839500662937323,
  "vowel_similarity": 0.4134187451785247,
  "overall": 0.473550665935974
}