{
  "pause_similarity": 0.5765544682514253,
  "pitch_similarity": 0.48519675350009034,
  "energy_similarity": 0.4470938955732403,
  "rhythm_similarity": 0.6222805763130966,
  "vowel_similarity": 0.699714326755019,
  "overall": 0.5830471505979
}