{
  "pause_similarity": 0.16000000000000003,
  "pitch_similarity": 0.5532027892875607,
  "energy_similarity": 0.3689305122143811,
  "rhythm_similarity": 0.7068507360891588,
  "vowel_similarity": 0.7433697134938079,
  "overall": 0.47080236902869055,
  "alignment_score": 0.8071248468005714,
  "final_score": 0.5716991123602548,
  "grade": "D",
  "improvement_suggestions": [
    "휴지(일시정지) 패턴 개선: 원본 음성의 문장 구분과 쉼표 위치에 맞춰 일시정지 패턴을 조정하세요.",
    "음높이(피치) 패턴 개선: 원본 음성의 억양 패턴을 모방하여 자연스러운 음높이 변화를 추가하세요.",
    "에너지(강세) 패턴 개선: 원본 음성에서 강조된 단어나 구문에 맞게 합성 음성의 볼륨과 강세를 조정하세요.",
    "전반적인 프로소디 개선이 필요합니다. 다른 TTS 엔진이나 음성 합성 방식을 시도해보세요."
  ]
}