{
  "alignment_count": 1,
  "text_similarity": {
    "mean": 0.5630612373352051,
    "min": 0.5630612373352051,
    "max": 0.5630612373352051
  },
  "temporal_similarity": {
    "mean": 0.8255052693208431,
    "min": 0.8255052693208431,
    "max": 0.8255052693208431
  },
  "overall_similarity": {
    "mean": 0.6177735552684724,
    "min": 0.6177735552684724,
    "max": 0.6177735552684724
  },
  "mapping_types": {
    "one_to_one": 1,
    "n_to_m": 0
  },
  "fallback_count": 0,
  "missing_segments_count": 0
}