{
  "pause_similarity": 0.3531241298637081,
  "pitch_similarity": 0.4507282338780921,
  "energy_similarity": 0.43750585610425596,
  "rhythm_similarity": 0.8164378612164904,
  "vowel_similarity": 0.5865704695381655,
  "overall": 0.49612616055087155
}