{
  "alignment_count": 1,
  "text_similarity": {
    "mean": 0.5173009634017944,
    "min": 0.5173009634017944,
    "max": 0.5173009634017944
  },
  "temporal_similarity": {
    "mean": 0.5530167433785277,
    "min": 0.5530167433785277,
    "max": 0.5530167433785277
  },
  "overall_similarity": {
    "mean": 0.5670734440485924,
    "min": 0.5670734440485924,
    "max": 0.5670734440485924
  },
  "mapping_types": {
    "one_to_one": 1,
    "n_to_m": 0
  },
  "fallback_count": 0,
  "missing_segments_count": 0
}