{
  "pause_similarity": 0.2,
  "pitch_similarity": 0.8221543423659651,
  "energy_similarity": 0.7619230527056516,
  "rhythm_similarity": 0.2519839389634384,
  "vowel_similarity": 0.41206971057421904,
  "overall": 0.44341935184633635,
  "alignment_score": 0.7411700203595177,
  "final_score": 0.5327445524002907,
  "grade": "D",
  "improvement_suggestions": [
    "휴지(일시정지) 패턴 개선: 원본 음성의 문장 구분과 쉼표 위치에 맞춰 일시정지 패턴을 조정하세요.",
    "리듬 패턴 개선: 원본 음성의 말하기 속도 변화와 단어 간격을 더 정확히 모방하세요.",
    "모음 길이 패턴 개선: 중요한 모음의 길이를 원본과 유사하게 조정하여 자연스러운 발음을 구현하세요.",
    "전반적인 프로소디 개선이 필요합니다. 다른 TTS 엔진이나 음성 합성 방식을 시도해보세요."
  ]
}