{
  "pause_similarity": 0.34605821304031475,
  "pitch_similarity": 0.521613240305374,
  "energy_similarity": 0.42264323333061415,
  "rhythm_similarity": 0.5227653638071198,
  "vowel_similarity": 0.6515515494482234,
  "overall": 0.48824943582393365
}