{
  "alignment_count": 1,
  "text_similarity": {
    "mean": 0.4444868266582489,
    "min": 0.4444868266582489,
    "max": 0.4444868266582489
  },
  "temporal_similarity": {
    "mean": 0.8112907572816591,
    "min": 0.8112907572816591,
    "max": 0.8112907572816591
  },
  "overall_similarity": {
    "mean": 0.5561838222057618,
    "min": 0.5561838222057618,
    "max": 0.5561838222057618
  },
  "mapping_types": {
    "one_to_one": 1,
    "n_to_m": 0
  },
  "fallback_count": 0,
  "missing_segments_count": 0
}