{
  "pause_similarity": 0.03333333333333333,
  "pitch_similarity": 0.5554227525232913,
  "energy_similarity": 0.3700454774585975,
  "rhythm_similarity": 0.610384686013727,
  "vowel_similarity": 0.6277964928777875,
  "overall": 0.38892878720875756
}