{
  "alignment_count": 1,
  "text_similarity": {
    "mean": 0.5283716917037964,
    "min": 0.5283716917037964,
    "max": 0.5283716917037964
  },
  "temporal_similarity": {
    "mean": 0.8384528542007348,
    "min": 0.8384528542007348,
    "max": 0.8384528542007348
  },
  "overall_similarity": {
    "mean": 0.6250125936207886,
    "min": 0.6250125936207886,
    "max": 0.6250125936207886
  },
  "mapping_types": {
    "one_to_one": 1,
    "n_to_m": 0
  },
  "fallback_count": 0,
  "missing_segments_count": 0
}