{
  "alignment_count": 1,
  "text_similarity": {
    "mean": 0.5047135353088379,
    "min": 0.5047135353088379,
    "max": 0.5047135353088379
  },
  "temporal_similarity": {
    "mean": 0.9262552016028643,
    "min": 0.9262552016028643,
    "max": 0.9262552016028643
  },
  "overall_similarity": {
    "mean": 0.6488715832635925,
    "min": 0.6488715832635925,
    "max": 0.6488715832635925
  },
  "mapping_types": {
    "one_to_one": 1,
    "n_to_m": 0
  },
  "fallback_count": 0,
  "missing_segments_count": 0
}