{
  "pause_similarity": 0.4,
  "pitch_similarity": 0.7735846838763252,
  "energy_similarity": 0.32079415800255306,
  "rhythm_similarity": 0.7083371358284005,
  "vowel_similarity": 0.7663581165935812,
  "overall": 0.5622584485490576
}