{
  "alignment_count": 1,
  "text_similarity": {
    "mean": 0.475215345621109,
    "min": 0.475215345621109,
    "max": 0.475215345621109
  },
  "temporal_similarity": {
    "mean": 0.9087050228310503,
    "min": 0.9087050228310503,
    "max": 0.9087050228310503
  },
  "overall_similarity": {
    "mean": 0.6289518807487351,
    "min": 0.6289518807487351,
    "max": 0.6289518807487351
  },
  "mapping_types": {
    "one_to_one": 1,
    "n_to_m": 0
  },
  "fallback_count": 0,
  "missing_segments_count": 0
}