{
  "pause_similarity": 0.0,
  "pitch_similarity": 0.4378978823138385,
  "energy_similarity": 0.32664583421899485,
  "rhythm_similarity": 0.6536539217432222,
  "vowel_similarity": 0.7360273402483097,
  "overall": 0.395292549323998
}