{
  "pause_similarity": 0.13333333333333333,
  "pitch_similarity": 0.4239141497790594,
  "energy_similarity": 0.4065129081683481,
  "rhythm_similarity": 0.6797136952267817,
  "vowel_similarity": 0.6786105804223913,
  "overall": 0.43524854026097115
}