{
  "pause_similarity": 0.6224012075293416,
  "pitch_similarity": 0.48555916965655327,
  "energy_similarity": 0.5867621266880769,
  "rhythm_similarity": 0.6041450274211563,
  "vowel_similarity": 0.45379427926085253,
  "overall": 0.5491814910824446
}