{
  "pause_similarity": 0.13333333333333333,
  "pitch_similarity": 0.47347447775067797,
  "energy_similarity": 0.4252794702280371,
  "rhythm_similarity": 0.6830435612166087,
  "vowel_similarity": 0.556610859446433,
  "overall": 0.407690955776266
}