{
  "pause_similarity": 0.4,
  "pitch_similarity": 0.49826020763711254,
  "energy_similarity": 0.40091006649119015,
  "rhythm_similarity": 0.7252876322623889,
  "vowel_similarity": 0.35908146165072247,
  "overall": 0.4302612357834049
}