{
  "pause_similarity": 0.2,
  "pitch_similarity": 0.5978014469647949,
  "energy_similarity": 0.5637403920034536,
  "rhythm_similarity": 0.44714135758223117,
  "vowel_similarity": 0.596143782776615,
  "overall": 0.4560854936883778
}