{
  "pause_similarity": 0.43001783012701167,
  "pitch_similarity": 0.5605885762737839,
  "energy_similarity": 0.30546704847762307,
  "rhythm_similarity": 0.6290753166963572,
  "vowel_similarity": 0.8466852343720194,
  "overall": 0.5630707183422481
}