{
  "pause_similarity": 0.03636363636363637,
  "pitch_similarity": 0.42961768873699685,
  "energy_similarity": 0.4697537440937819,
  "rhythm_similarity": 0.5343572977088384,
  "vowel_similarity": 0.7,
  "overall": 0.41125733837243084
}