{
  "pause_similarity": 0.7074201852183876,
  "pitch_similarity": 0.46908076489585965,
  "energy_similarity": 0.36006419519971344,
  "rhythm_similarity": 0.6454309924996946,
  "vowel_similarity": 0.6010849669519645,
  "overall": 0.5760155604306038
}