{
  "pause_similarity": 0.11428571428571428,
  "pitch_similarity": 0.4770509974127193,
  "energy_similarity": 0.6388984682362898,
  "rhythm_similarity": 0.6286280594704341,
  "vowel_similarity": 0.75454297446033,
  "overall": 0.49899620595938665
}