{
  "pause_similarity": 0.0,
  "pitch_similarity": 0.45625721244881845,
  "energy_similarity": 0.37325775705053016,
  "rhythm_similarity": 0.47264583589092424,
  "vowel_similarity": 0.443811395588521,
  "overall": 0.30068527492063657
}