{
  "pause_similarity": 0.13333333333333333,
  "pitch_similarity": 0.4868684701283229,
  "energy_similarity": 0.5063912351791412,
  "rhythm_similarity": 0.651321355836268,
  "vowel_similarity": 0.5231263886345818,
  "overall": 0.4120351462226619
}