{
  "pause_similarity": 0.3423425036512753,
  "pitch_similarity": 0.6231297152981495,
  "energy_similarity": 0.3743058913985826,
  "rhythm_similarity": 0.5975412191104214,
  "vowel_similarity": 0.7326069271881421,
  "overall": 0.5194131009723988
}