{
  "pause_similarity": 0.2526070407192027,
  "pitch_similarity": 0.5407583018271876,
  "energy_similarity": 0.37233162364621586,
  "rhythm_similarity": 0.6379174961946176,
  "vowel_similarity": 0.7071472967374055,
  "overall": 0.4802602057684062
}