{
  "pause_similarity": 0.0,
  "pitch_similarity": 0.5150644669543043,
  "energy_similarity": 0.3833639112766204,
  "rhythm_similarity": 0.5739522923779674,
  "vowel_similarity": 0.5385884824818105,
  "overall": 0.3471510029330944
}