{
  "alignment_count": 1,
  "text_similarity": {
    "mean": 0.45831498503685,
    "min": 0.45831498503685,
    "max": 0.45831498503685
  },
  "temporal_similarity": {
    "mean": 0.8175639288879969,
    "min": 0.8175639288879969,
    "max": 0.8175639288879969
  },
  "overall_similarity": {
    "mean": 0.5521280743591087,
    "min": 0.5521280743591087,
    "max": 0.5521280743591087
  },
  "mapping_types": {
    "one_to_one": 1,
    "n_to_m": 0
  },
  "fallback_count": 0,
  "missing_segments_count": 0
}