{
  "pause_similarity": 0.15000000000000002,
  "pitch_similarity": 0.5196294668493288,
  "energy_similarity": 0.4214240035998321,
  "rhythm_similarity": 0.6790686743435198,
  "vowel_similarity": 0.4764663856375645,
  "overall": 0.3920945305305206
}