{
  "pause_similarity": 0.2326131566288207,
  "pitch_similarity": 0.5308239456488342,
  "energy_similarity": 0.4756023894914029,
  "rhythm_similarity": 0.5247339532375708,
  "vowel_similarity": 0.35580068270538323,
  "overall": 0.3772004195871822
}