{
  "pause_similarity": 0.2918164262876381,
  "pitch_similarity": 0.5318467181979205,
  "energy_similarity": 0.5011010845238889,
  "rhythm_similarity": 0.6131301396334912,
  "vowel_similarity": 0.5689869763846294,
  "overall": 0.4729589234895992
}