{
  "pause_similarity": 0.4609273911354902,
  "pitch_similarity": 0.6113373481052367,
  "energy_similarity": 0.46756966169355835,
  "rhythm_similarity": 0.6184597750766133,
  "vowel_similarity": 0.5221367510765984,
  "overall": 0.5114128873205233
}