{
  "alignment_count": 1,
  "text_similarity": {
    "mean": 0.38487547636032104,
    "min": 0.38487547636032104,
    "max": 0.38487547636032104
  },
  "temporal_similarity": {
    "mean": 0.8094034118923183,
    "min": 0.8094034118923183,
    "max": 0.8094034118923183
  },
  "overall_similarity": {
    "mean": 0.5050598990452955,
    "min": 0.5050598990452955,
    "max": 0.5050598990452955
  },
  "mapping_types": {
    "one_to_one": 1,
    "n_to_m": 0
  },
  "fallback_count": 0,
  "missing_segments_count": 0
}