{
  "pause_similarity": 0.0,
  "pitch_similarity": 0.5407446021437275,
  "energy_similarity": 0.49522953508898077,
  "rhythm_similarity": 0.5362439155992226,
  "vowel_similarity": 0.0818181818181818,
  "overall": 0.23129021333754574
}