{
  "pause_similarity": 0.26666666666666666,
  "pitch_similarity": 0.4120172436265265,
  "energy_similarity": 0.6008159547425216,
  "rhythm_similarity": 0.3129737790617093,
  "vowel_similarity": 0.2032997332996005,
  "overall": 0.33365221320720806
}