{
  "alignment_count": 1,
  "text_similarity": {
    "mean": 0.45593762397766113,
    "min": 0.45593762397766113,
    "max": 0.45593762397766113
  },
  "temporal_similarity": {
    "mean": 0.8517901077206731,
    "min": 0.8517901077206731,
    "max": 0.8517901077206731
  },
  "overall_similarity": {
    "mean": 0.6513659161188146,
    "min": 0.6513659161188146,
    "max": 0.6513659161188146
  },
  "mapping_types": {
    "one_to_one": 1,
    "n_to_m": 0
  },
  "fallback_count": 0,
  "missing_segments_count": 0
}