{
  "pause_similarity": 0.26666666666666666,
  "pitch_similarity": 0.5403920791806055,
  "energy_similarity": 0.3127368454587498,
  "rhythm_similarity": 0.49671001345329435,
  "vowel_similarity": 0.4058123613550571,
  "overall": 0.3680012867616571
}