{
  "pause_similarity": 0.24,
  "pitch_similarity": 0.5747038381283017,
  "energy_similarity": 0.48827285870451254,
  "rhythm_similarity": 0.6757074130997118,
  "vowel_similarity": 0.5968385777692722,
  "overall": 0.47374727019448554
}