{
  "alignment_count": 1,
  "text_similarity": {
    "mean": 0.5559170842170715,
    "min": 0.5559170842170715,
    "max": 0.5559170842170715
  },
  "temporal_similarity": {
    "mean": 0.8212508958087709,
    "min": 0.8212508958087709,
    "max": 0.8212508958087709
  },
  "overall_similarity": {
    "mean": 0.6507628941704646,
    "min": 0.6507628941704646,
    "max": 0.6507628941704646
  },
  "mapping_types": {
    "one_to_one": 1,
    "n_to_m": 0
  },
  "fallback_count": 0,
  "missing_segments_count": 0
}