{
  "pause_similarity": 0.2,
  "pitch_similarity": 0.5296843908142451,
  "energy_similarity": 0.45041674686128275,
  "rhythm_similarity": 0.5366637337369161,
  "vowel_similarity": 0.7142866150254285,
  "overall": 0.4710041463350012
}