{
  "pause_similarity": 0.4,
  "pitch_similarity": 0.6071408875891366,
  "energy_similarity": 0.4006204242866423,
  "rhythm_similarity": 0.5224684272502674,
  "vowel_similarity": 0.31204933283462905,
  "overall": 0.40669981619165757
}