{
  "alignment_count": 1,
  "text_similarity": {
    "mean": 0.7523630261421204,
    "min": 0.7523630261421204,
    "max": 0.7523630261421204
  },
  "temporal_similarity": {
    "mean": 0.9473103874690849,
    "min": 0.9473103874690849,
    "max": 0.9473103874690849
  },
  "overall_similarity": {
    "mean": 0.7844140534078874,
    "min": 0.7844140534078874,
    "max": 0.7844140534078874
  },
  "mapping_types": {
    "one_to_one": 1,
    "n_to_m": 0
  },
  "fallback_count": 0,
  "missing_segments_count": 0
}