{
  "pause_similarity": 0.0,
  "pitch_similarity": 0.5490487193477902,
  "energy_similarity": 0.36905498821008853,
  "rhythm_similarity": 0.6490978000395524,
  "vowel_similarity": 0.8092903424545022,
  "overall": 0.4364127523171026
}