{
  "alignment_count": 1,
  "text_similarity": {
    "mean": 0.50091153383255,
    "min": 0.50091153383255,
    "max": 0.50091153383255
  },
  "temporal_similarity": {
    "mean": 0.5506014926169404,
    "min": 0.5506014926169404,
    "max": 0.5506014926169404
  },
  "overall_similarity": {
    "mean": 0.4933751984019169,
    "min": 0.4933751984019169,
    "max": 0.4933751984019169
  },
  "mapping_types": {
    "one_to_one": 1,
    "n_to_m": 0
  },
  "fallback_count": 0,
  "missing_segments_count": 0
}