{
  "pause_similarity": 0.0,
  "pitch_similarity": 0.48125216366668466,
  "energy_similarity": 0.24098879119802424,
  "rhythm_similarity": 0.5298587501977897,
  "vowel_similarity": 0.7,
  "overall": 0.35930884962605225
}