{
  "pause_similarity": 0.08000000000000002,
  "pitch_similarity": 0.390131777023929,
  "energy_similarity": 0.34804781550140307,
  "rhythm_similarity": 0.6049540868285055,
  "vowel_similarity": 0.37439335511029664,
  "overall": 0.30543615601861307
}