{
  "alignment_count": 1,
  "text_similarity": {
    "mean": 0.6190963983535767,
    "min": 0.6190963983535767,
    "max": 0.6190963983535767
  },
  "temporal_similarity": {
    "mean": 0.8142310129197543,
    "min": 0.8142310129197543,
    "max": 0.8142310129197543
  },
  "overall_similarity": {
    "mean": 0.6287983575746287,
    "min": 0.6287983575746287,
    "max": 0.6287983575746287
  },
  "mapping_types": {
    "one_to_one": 1,
    "n_to_m": 0
  },
  "fallback_count": 0,
  "missing_segments_count": 0
}