{
  "pause_similarity": 0.13333333333333333,
  "pitch_similarity": 0.42828865241282177,
  "energy_similarity": 0.4994929054818299,
  "rhythm_similarity": 0.731081624919823,
  "vowel_similarity": 0.6223706247616191,
  "overall": 0.4425467962581162
}