{
  "pause_similarity": 0.044444444444444446,
  "pitch_similarity": 0.4501844375134408,
  "energy_similarity": 0.448311582016778,
  "rhythm_similarity": 0.5612206666542604,
  "vowel_similarity": 0.6197420918697822,
  "overall": 0.39005878771439373
}