{
  "alignment_count": 1,
  "text_similarity": {
    "mean": 0.5193756818771362,
    "min": 0.5193756818771362,
    "max": 0.5193756818771362
  },
  "temporal_similarity": {
    "mean": 0.8797955088216332,
    "min": 0.8797955088216332,
    "max": 0.8797955088216332
  },
  "overall_similarity": {
    "mean": 0.6435388545086151,
    "min": 0.6435388545086151,
    "max": 0.6435388545086151
  },
  "mapping_types": {
    "one_to_one": 1,
    "n_to_m": 0
  },
  "fallback_count": 0,
  "missing_segments_count": 0
}