{
  "pause_similarity": 0.5821011337363627,
  "pitch_similarity": 0.510971116240459,
  "energy_similarity": 0.5093463372795528,
  "rhythm_similarity": 0.7747131227137922,
  "vowel_similarity": 0.5943843958208274,
  "overall": 0.5833833502184927
}