{
  "pause_similarity": 0.17142857142857143,
  "pitch_similarity": 0.4456833379844032,
  "energy_similarity": 0.2777310068769379,
  "rhythm_similarity": 0.5594680590453828,
  "vowel_similarity": 0.7005329718501296,
  "overall": 0.4176498040619765
}