{
  "alignment_count": 1,
  "text_similarity": {
    "mean": 0.44494009017944336,
    "min": 0.44494009017944336,
    "max": 0.44494009017944336
  },
  "temporal_similarity": {
    "mean": 0.5497173789173789,
    "min": 0.5497173789173789,
    "max": 0.5497173789173789
  },
  "overall_similarity": {
    "mean": 0.45356759494727156,
    "min": 0.45356759494727156,
    "max": 0.45356759494727156
  },
  "mapping_types": {
    "one_to_one": 1,
    "n_to_m": 0
  },
  "fallback_count": 0,
  "missing_segments_count": 0
}