{
  "alignment_count": 1,
  "text_similarity": {
    "mean": 0.4372200667858124,
    "min": 0.4372200667858124,
    "max": 0.4372200667858124
  },
  "temporal_similarity": {
    "mean": 0.8269843816450587,
    "min": 0.8269843816450587,
    "max": 0.8269843816450587
  },
  "overall_similarity": {
    "mean": 0.6085705864145855,
    "min": 0.6085705864145855,
    "max": 0.6085705864145855
  },
  "mapping_types": {
    "one_to_one": 1,
    "n_to_m": 0
  },
  "fallback_count": 0,
  "missing_segments_count": 0
}