{
  "pause_similarity": 0.12,
  "pitch_similarity": 0.6205066370473015,
  "energy_similarity": 0.48762553880807835,
  "rhythm_similarity": 0.6235577195535138,
  "vowel_similarity": 0.5450370527638194,
  "overall": 0.421442659250843
}