{
  "alignment_count": 1,
  "text_similarity": {
    "mean": 0.4571758210659027,
    "min": 0.4571758210659027,
    "max": 0.4571758210659027
  },
  "temporal_similarity": {
    "mean": 0.8360903774295132,
    "min": 0.8360903774295132,
    "max": 0.8360903774295132
  },
  "overall_similarity": {
    "mean": 0.6564828068339401,
    "min": 0.6564828068339401,
    "max": 0.6564828068339401
  },
  "mapping_types": {
    "one_to_one": 1,
    "n_to_m": 0
  },
  "fallback_count": 0,
  "missing_segments_count": 0
}