{
  "pause_similarity": 0.7628318329758423,
  "pitch_similarity": 0.47581959418954684,
  "energy_similarity": 0.45229396522536824,
  "rhythm_similarity": 0.3373639634536556,
  "vowel_similarity": 0.4910102116880003,
  "overall": 0.5479297622085466
}