{
  "pause_similarity": 0.6973063974618139,
  "pitch_similarity": 0.5159671644965353,
  "energy_similarity": 0.5828498358083969,
  "rhythm_similarity": 0.6624731912464812,
  "vowel_similarity": 0.8101668492852004,
  "overall": 0.6866559767600853
}