{
  "pause_similarity": 0.655162203398949,
  "pitch_similarity": 0.4539895181970835,
  "energy_similarity": 0.45698798253857764,
  "rhythm_similarity": 0.6450879063751863,
  "vowel_similarity": 0.46189434765593146,
  "overall": 0.5364223042814067
}