{
  "pause_similarity": 0.19115405061626248,
  "pitch_similarity": 0.5108235262927102,
  "energy_similarity": 0.3790982180786817,
  "rhythm_similarity": 0.5735991599205021,
  "vowel_similarity": 0.34418361238627065,
  "overall": 0.34486321113781754
}