{
  "alignment_count": 1,
  "text_similarity": {
    "mean": 0.5298500657081604,
    "min": 0.5298500657081604,
    "max": 0.5298500657081604
  },
  "temporal_similarity": {
    "mean": 0.8220554969764151,
    "min": 0.8220554969764151,
    "max": 0.8220554969764151
  },
  "overall_similarity": {
    "mean": 0.6701527512158727,
    "min": 0.6701527512158727,
    "max": 0.6701527512158727
  },
  "mapping_types": {
    "one_to_one": 1,
    "n_to_m": 0
  },
  "fallback_count": 0,
  "missing_segments_count": 0
}