{
  "pause_similarity": 0.298096169869974,
  "pitch_similarity": 0.40580024591602876,
  "energy_similarity": 0.4796678390157888,
  "rhythm_similarity": 0.6153150235845697,
  "vowel_similarity": 0.6455727940355717,
  "overall": 0.4811457839248813
}