{
  "pause_similarity": 0.0,
  "pitch_similarity": 0.46341458598098256,
  "energy_similarity": 0.3059371034151078,
  "rhythm_similarity": 0.6145342044673928,
  "vowel_similarity": 0.3462168494400201,
  "overall": 0.27284735455986514
}