{
  "alignment_count": 1,
  "text_similarity": {
    "mean": 0.6482430100440979,
    "min": 0.6482430100440979,
    "max": 0.6482430100440979
  },
  "temporal_similarity": {
    "mean": 0.9860812817632024,
    "min": 0.9860812817632024,
    "max": 0.9860812817632024
  },
  "overall_similarity": {
    "mean": 0.7684386902291644,
    "min": 0.7684386902291644,
    "max": 0.7684386902291644
  },
  "mapping_types": {
    "one_to_one": 1,
    "n_to_m": 0
  },
  "fallback_count": 0,
  "missing_segments_count": 0
}