{
  "pause_similarity": 0.08000000000000002,
  "pitch_similarity": 0.6017735230930531,
  "energy_similarity": 0.44507891466178606,
  "rhythm_similarity": 0.7937192723043502,
  "vowel_similarity": 0.8115946758792204,
  "overall": 0.4960434652358636
}