{
  "pause_similarity": 0.8913318311549878,
  "pitch_similarity": 0.5041480715025337,
  "energy_similarity": 0.5375590169030154,
  "rhythm_similarity": 0.8217418771968661,
  "vowel_similarity": 0.7560379589588662,
  "overall": 0.7343117352846993
}