{
  "alignment_count": 1,
  "text_similarity": {
    "mean": 0.4034290909767151,
    "min": 0.4034290909767151,
    "max": 0.4034290909767151
  },
  "temporal_similarity": {
    "mean": 0.9696060453400503,
    "min": 0.9696060453400503,
    "max": 0.9696060453400503
  },
  "overall_similarity": {
    "mean": 0.6113983022353888,
    "min": 0.6113983022353888,
    "max": 0.6113983022353888
  },
  "mapping_types": {
    "one_to_one": 1,
    "n_to_m": 0
  },
  "fallback_count": 0,
  "missing_segments_count": 0
}