{
  "pause_similarity": 0.0,
  "pitch_similarity": 0.5119274892677329,
  "energy_similarity": 0.353745616025996,
  "rhythm_similarity": 0.6692893956271164,
  "vowel_similarity": 0.4962456723573194,
  "overall": 0.33774451340187994
}