{
  "pause_similarity": 0.13333333333333333,
  "pitch_similarity": 0.4777044827094338,
  "energy_similarity": 0.3506645773492649,
  "rhythm_similarity": 0.669059495305502,
  "vowel_similarity": 0.45331787727986605,
  "overall": 0.3608046764553064
}