{
  "pause_similarity": 0.03636363636363637,
  "pitch_similarity": 0.5004218607585847,
  "energy_similarity": 0.5922205108837302,
  "rhythm_similarity": 0.5364272954934795,
  "vowel_similarity": 0.7767518087806545,
  "overall": 0.46606365134523975
}