{
  "pause_similarity": 0.4,
  "pitch_similarity": 0.7879011773771376,
  "energy_similarity": 0.43854279940689794,
  "rhythm_similarity": 0.7721383668543346,
  "vowel_similarity": 0.25731866415146293,
  "overall": 0.44090811354996573
}