{
  "pause_similarity": 0.6127272757139393,
  "pitch_similarity": 0.8081427254032365,
  "energy_similarity": 0.58683827079946,
  "rhythm_similarity": 0.7436606463630806,
  "vowel_similarity": 0.556660789377286,
  "overall": 0.6233644108638913
}