{
  "pause_similarity": 0.05714285714285714,
  "pitch_similarity": 0.5316535781778836,
  "energy_similarity": 0.4944593684992095,
  "rhythm_similarity": 0.6126607692134101,
  "vowel_similarity": 0.3373701753801734,
  "overall": 0.3316772181958804
}