{
  "pause_similarity": 0.21054575823345772,
  "pitch_similarity": 0.48191472217819664,
  "energy_similarity": 0.3617350292124297,
  "rhythm_similarity": 0.7146338129465908,
  "vowel_similarity": 0.4832743372843159,
  "overall": 0.40014788801029677
}