{
  "alignment_count": 1,
  "text_similarity": {
    "mean": 0.5740727782249451,
    "min": 0.5740727782249451,
    "max": 0.5740727782249451
  },
  "temporal_similarity": {
    "mean": 0.8789577353306433,
    "min": 0.8789577353306433,
    "max": 0.8789577353306433
  },
  "overall_similarity": {
    "mean": 0.6204631435443263,
    "min": 0.6204631435443263,
    "max": 0.6204631435443263
  },
  "mapping_types": {
    "one_to_one": 1,
    "n_to_m": 0
  },
  "fallback_count": 0,
  "missing_segments_count": 0
}