{
  "alignment_count": 1,
  "text_similarity": {
    "mean": 0.4744132161140442,
    "min": 0.4744132161140442,
    "max": 0.4744132161140442
  },
  "temporal_similarity": {
    "mean": 0.8710003040437823,
    "min": 0.8710003040437823,
    "max": 0.8710003040437823
  },
  "overall_similarity": {
    "mean": 0.6204568360898588,
    "min": 0.6204568360898588,
    "max": 0.6204568360898588
  },
  "mapping_types": {
    "one_to_one": 1,
    "n_to_m": 0
  },
  "fallback_count": 0,
  "missing_segments_count": 0
}