{
  "alignment_count": 1,
  "text_similarity": {
    "mean": 0.628745973110199,
    "min": 0.628745973110199,
    "max": 0.628745973110199
  },
  "temporal_similarity": {
    "mean": 0.9381792124518595,
    "min": 0.9381792124518595,
    "max": 0.9381792124518595
  },
  "overall_similarity": {
    "mean": 0.7273408884663805,
    "min": 0.7273408884663805,
    "max": 0.7273408884663805
  },
  "mapping_types": {
    "one_to_one": 1,
    "n_to_m": 0
  },
  "fallback_count": 0,
  "missing_segments_count": 0
}