{
  "pause_similarity": 0.05714285714285714,
  "pitch_similarity": 0.41486383063566107,
  "energy_similarity": 0.33622776057181336,
  "rhythm_similarity": 0.559738636317503,
  "vowel_similarity": 0.45578790712324047,
  "overall": 0.31858502808950834
}