{
  "pause_similarity": 0.6993772985917482,
  "pitch_similarity": 0.5900109206953768,
  "energy_similarity": 0.33686281403072077,
  "rhythm_similarity": 0.6070206594818797,
  "vowel_similarity": 0.7926046264251292,
  "overall": 0.6346702983289331
}