{
  "alignment_count": 1,
  "text_similarity": {
    "mean": 0.5750566124916077,
    "min": 0.5750566124916077,
    "max": 0.5750566124916077
  },
  "temporal_similarity": {
    "mean": 0.5370456925536019,
    "min": 0.5370456925536019,
    "max": 0.5370456925536019
  },
  "overall_similarity": {
    "mean": 0.5322460801216001,
    "min": 0.5322460801216001,
    "max": 0.5322460801216001
  },
  "mapping_types": {
    "one_to_one": 1,
    "n_to_m": 0
  },
  "fallback_count": 0,
  "missing_segments_count": 0
}