{
  "pause_similarity": 0.7081448122550129,
  "pitch_similarity": 0.43140689219160416,
  "energy_similarity": 0.515988134678557,
  "rhythm_similarity": 0.6436431900674121,
  "vowel_similarity": 0.5634874499623758,
  "overall": 0.5921923138268296
}