{
  "alignment_count": 1,
  "text_similarity": {
    "mean": 0.6161749362945557,
    "min": 0.6161749362945557,
    "max": 0.6161749362945557
  },
  "temporal_similarity": {
    "mean": 0.8937452379909796,
    "min": 0.8937452379909796,
    "max": 0.8937452379909796
  },
  "overall_similarity": {
    "mean": 0.6741261188748982,
    "min": 0.6741261188748982,
    "max": 0.6741261188748982
  },
  "mapping_types": {
    "one_to_one": 1,
    "n_to_m": 0
  },
  "fallback_count": 0,
  "missing_segments_count": 0
}