{
  "pause_similarity": 0.0,
  "pitch_similarity": 0.543155150098043,
  "energy_similarity": 0.4688547225330565,
  "rhythm_similarity": 0.669735971517756,
  "vowel_similarity": 0.6299893447886219,
  "overall": 0.4040568601047778
}