{
  "pause_similarity": 0.2,
  "pitch_similarity": 0.49086396992272,
  "energy_similarity": 0.4638992100913027,
  "rhythm_similarity": 0.546928123585571,
  "vowel_similarity": 0.6658835867964217,
  "overall": 0.4563241274080161
}