{
  "alignment_count": 1,
  "text_similarity": {
    "mean": 0.5942294597625732,
    "min": 0.5942294597625732,
    "max": 0.5942294597625732
  },
  "temporal_similarity": {
    "mean": 0.9041273851336086,
    "min": 0.9041273851336086,
    "max": 0.9041273851336086
  },
  "overall_similarity": {
    "mean": 0.6697287404659054,
    "min": 0.6697287404659054,
    "max": 0.6697287404659054
  },
  "mapping_types": {
    "one_to_one": 1,
    "n_to_m": 0
  },
  "fallback_count": 0,
  "missing_segments_count": 0
}