{
  "alignment_count": 1,
  "text_similarity": {
    "mean": 0.44841548800468445,
    "min": 0.44841548800468445,
    "max": 0.44841548800468445
  },
  "temporal_similarity": {
    "mean": 0.0,
    "min": 0.0,
    "max": 0.0
  },
  "overall_similarity": {
    "mean": 0.42338018497308205,
    "min": 0.42338018497308205,
    "max": 0.42338018497308205
  },
  "mapping_types": {
    "one_to_one": 1,
    "n_to_m": 0
  },
  "fallback_count": 0,
  "missing_segments_count": 0
}