{
  "alignment_count": 1,
  "text_similarity": {
    "mean": 0.5367122292518616,
    "min": 0.5367122292518616,
    "max": 0.5367122292518616
  },
  "temporal_similarity": {
    "mean": 0.8688943005181347,
    "min": 0.8688943005181347,
    "max": 0.8688943005181347
  },
  "overall_similarity": {
    "mean": 0.6826782907917339,
    "min": 0.6826782907917339,
    "max": 0.6826782907917339
  },
  "mapping_types": {
    "one_to_one": 1,
    "n_to_m": 0
  },
  "fallback_count": 0,
  "missing_segments_count": 0
}