{
  "alignment_count": 1,
  "text_similarity": {
    "mean": 0.5339978337287903,
    "min": 0.5339978337287903,
    "max": 0.5339978337287903
  },
  "temporal_similarity": {
    "mean": 0.9638978358354455,
    "min": 0.9638978358354455,
    "max": 0.9638978358354455
  },
  "overall_similarity": {
    "mean": 0.677467546226844,
    "min": 0.677467546226844,
    "max": 0.677467546226844
  },
  "mapping_types": {
    "one_to_one": 1,
    "n_to_m": 0
  },
  "fallback_count": 0,
  "missing_segments_count": 0
}