{
  "alignment_count": 1,
  "text_similarity": {
    "mean": 0.2,
    "min": 0.2,
    "max": 0.2
  },
  "temporal_similarity": {
    "mean": 0.7976902857142856,
    "min": 0.7976902857142856,
    "max": 0.7976902857142856
  },
  "overall_similarity": {
    "mean": 0.47705794285714287,
    "min": 0.47705794285714287,
    "max": 0.47705794285714287
  },
  "mapping_types": {
    "one_to_one": 1,
    "n_to_m": 0
  },
  "fallback_count": 1,
  "missing_segments_count": 0
}