{
  "pause_similarity": 0.33333333333333337,
  "pitch_similarity": 0.4280292723001619,
  "energy_similarity": 0.4316939683073279,
  "rhythm_similarity": 0.5999740548058176,
  "vowel_similarity": 0.7006133795671408,
  "overall": 0.4993231402422057
}