{
  "alignment_count": 1,
  "text_similarity": {
    "mean": 0.5349538922309875,
    "min": 0.5349538922309875,
    "max": 0.5349538922309875
  },
  "temporal_similarity": {
    "mean": 0.9123237785016287,
    "min": 0.9123237785016287,
    "max": 0.9123237785016287
  },
  "overall_similarity": {
    "mean": 0.6422200080047445,
    "min": 0.6422200080047445,
    "max": 0.6422200080047445
  },
  "mapping_types": {
    "one_to_one": 1,
    "n_to_m": 0
  },
  "fallback_count": 0,
  "missing_segments_count": 0
}