{
  "pause_similarity": 0.2,
  "pitch_similarity": 0.4895666739773776,
  "energy_similarity": 0.3060023191844137,
  "rhythm_similarity": 0.4020310918707496,
  "vowel_similarity": 0.2983819327771541,
  "overall": 0.2998748202548417
}