{
  "alignment_count": 1,
  "text_similarity": {
    "mean": 0.4503900408744812,
    "min": 0.4503900408744812,
    "max": 0.4503900408744812
  },
  "temporal_similarity": {
    "mean": 0.5483850224215246,
    "min": 0.5483850224215246,
    "max": 0.5483850224215246
  },
  "overall_similarity": {
    "mean": 0.5076151395916289,
    "min": 0.5076151395916289,
    "max": 0.5076151395916289
  },
  "mapping_types": {
    "one_to_one": 1,
    "n_to_m": 0
  },
  "fallback_count": 0,
  "missing_segments_count": 0
}