{
  "alignment_count": 1,
  "text_similarity": {
    "mean": 0.5384702682495117,
    "min": 0.5384702682495117,
    "max": 0.5384702682495117
  },
  "temporal_similarity": {
    "mean": 0.9323776502114635,
    "min": 0.9323776502114635,
    "max": 0.9323776502114635
  },
  "overall_similarity": {
    "mean": 0.7151372542939266,
    "min": 0.7151372542939266,
    "max": 0.7151372542939266
  },
  "mapping_types": {
    "one_to_one": 1,
    "n_to_m": 0
  },
  "fallback_count": 0,
  "missing_segments_count": 0
}