{
  "alignment_count": 1,
  "text_similarity": {
    "mean": 0.2,
    "min": 0.2,
    "max": 0.2
  },
  "temporal_similarity": {
    "mean": 0.9201623632385119,
    "min": 0.9201623632385119,
    "max": 0.9201623632385119
  },
  "overall_similarity": {
    "mean": 0.5514832822757111,
    "min": 0.5514832822757111,
    "max": 0.5514832822757111
  },
  "mapping_types": {
    "one_to_one": 1,
    "n_to_m": 0
  },
  "fallback_count": 1,
  "missing_segments_count": 0
}