{
  "alignment_count": 1,
  "text_similarity": {
    "mean": 0.5044126510620117,
    "min": 0.5044126510620117,
    "max": 0.5044126510620117
  },
  "temporal_similarity": {
    "mean": 0.996448868752206,
    "min": 0.996448868752206,
    "max": 0.996448868752206
  },
  "overall_similarity": {
    "mean": 0.692729867853884,
    "min": 0.692729867853884,
    "max": 0.692729867853884
  },
  "mapping_types": {
    "one_to_one": 1,
    "n_to_m": 0
  },
  "fallback_count": 0,
  "missing_segments_count": 0
}