{
  "pause_similarity": 0.08000000000000002,
  "pitch_similarity": 0.4667730962537885,
  "energy_similarity": 0.35021896385970097,
  "rhythm_similarity": 0.6771875454952165,
  "vowel_similarity": 0.6126322758108864,
  "overall": 0.39222953969010665
}