{
  "alignment_count": 1,
  "text_similarity": {
    "mean": 0.36727145314216614,
    "min": 0.36727145314216614,
    "max": 0.36727145314216614
  },
  "temporal_similarity": {
    "mean": 0.8476851212953787,
    "min": 0.8476851212953787,
    "max": 0.8476851212953787
  },
  "overall_similarity": {
    "mean": 0.5308231834454636,
    "min": 0.5308231834454636,
    "max": 0.5308231834454636
  },
  "mapping_types": {
    "one_to_one": 1,
    "n_to_m": 0
  },
  "fallback_count": 0,
  "missing_segments_count": 0
}