{
  "pause_similarity": 0.5273029894903914,
  "pitch_similarity": 0.6009898908623098,
  "energy_similarity": 0.5180788630548177,
  "rhythm_similarity": 0.6239889205085463,
  "vowel_similarity": 0.5674486316622803,
  "overall": 0.5545391400938506
}