{
  "alignment_count": 1,
  "text_similarity": {
    "mean": 0.535178005695343,
    "min": 0.535178005695343,
    "max": 0.535178005695343
  },
  "temporal_similarity": {
    "mean": 0.8723554859347207,
    "min": 0.8723554859347207,
    "max": 0.8723554859347207
  },
  "overall_similarity": {
    "mean": 0.6549981805979589,
    "min": 0.6549981805979589,
    "max": 0.6549981805979589
  },
  "mapping_types": {
    "one_to_one": 1,
    "n_to_m": 0
  },
  "fallback_count": 0,
  "missing_segments_count": 0
}