{
  "pause_similarity": 0.22385244726276196,
  "pitch_similarity": 0.5221660304043135,
  "energy_similarity": 0.40713901764172766,
  "rhythm_similarity": 0.6407335534831959,
  "vowel_similarity": 0.9186482038329855,
  "overall": 0.5404679572458208,
  "alignment_score": 0.8410010834236186,
  "final_score": 0.6306278950991601,
  "grade": "C",
  "improvement_suggestions": [
    "휴지(일시정지) 패턴 개선: 원본 음성의 문장 구분과 쉼표 위치에 맞춰 일시정지 패턴을 조정하세요.",
    "음높이(피치) 패턴 개선: 원본 음성의 억양 패턴을 모방하여 자연스러운 음높이 변화를 추가하세요.",
    "에너지(강세) 패턴 개선: 원본 음성에서 강조된 단어나 구문에 맞게 합성 음성의 볼륨과 강세를 조정하세요.",
    "리듬 패턴 개선: 원본 음성의 말하기 속도 변화와 단어 간격을 더 정확히 모방하세요.",
    "세부적인 조정을 통해 더 자연스러운 합성 음성을 만들 수 있습니다."
  ]
}