{
  "alignment_count": 1,
  "text_similarity": {
    "mean": 0.6198569536209106,
    "min": 0.6198569536209106,
    "max": 0.6198569536209106
  },
  "temporal_similarity": {
    "mean": 0.9795261703492629,
    "min": 0.9795261703492629,
    "max": 0.9795261703492629
  },
  "overall_similarity": {
    "mean": 0.7935494130898657,
    "min": 0.7935494130898657,
    "max": 0.7935494130898657
  },
  "mapping_types": {
    "one_to_one": 1,
    "n_to_m": 0
  },
  "fallback_count": 0,
  "missing_segments_count": 0
}