{
  "pause_similarity": 0.0,
  "pitch_similarity": 0.5022979154970247,
  "energy_similarity": 0.3151026954671572,
  "rhythm_similarity": 0.6561566086493072,
  "vowel_similarity": 0.3662676625947502,
  "overall": 0.2887462902864897
}