{
  "alignment_count": 1,
  "text_similarity": {
    "mean": 0.5322669744491577,
    "min": 0.5322669744491577,
    "max": 0.5322669744491577
  },
  "temporal_similarity": {
    "mean": 0.8321802595377088,
    "min": 0.8321802595377088,
    "max": 0.8321802595377088
  },
  "overall_similarity": {
    "mean": 0.6424313430155508,
    "min": 0.6424313430155508,
    "max": 0.6424313430155508
  },
  "mapping_types": {
    "one_to_one": 1,
    "n_to_m": 0
  },
  "fallback_count": 0,
  "missing_segments_count": 0
}