{
  "pause_similarity": 0.6333333341818181,
  "pitch_similarity": 0.824690078919998,
  "energy_similarity": 0.5742735800243055,
  "rhythm_similarity": 0.7369805514767267,
  "vowel_similarity": 0.5866089446889993,
  "overall": 0.6370044627057788
}