{
  "pause_similarity": 0.07272727272727274,
  "pitch_similarity": 0.4819976788272153,
  "energy_similarity": 0.40040516523602476,
  "rhythm_similarity": 0.5423267047197216,
  "vowel_similarity": 0.6429047587368488,
  "overall": 0.3972030808411351
}