{
  "pause_similarity": 0.13333333333333333,
  "pitch_similarity": 0.459890435158879,
  "energy_similarity": 0.6059195008119279,
  "rhythm_similarity": 0.44760977623788367,
  "vowel_similarity": 0.6468608038920107,
  "overall": 0.4459921624696651
}