{
  "pause_similarity": 0.1,
  "pitch_similarity": 0.5150473725558214,
  "energy_similarity": 0.28152007633267123,
  "rhythm_similarity": 0.631915125736186,
  "vowel_similarity": 0.6238072224337461,
  "overall": 0.38814243182585884
}