{
  "alignment_count": 1,
  "text_similarity": {
    "mean": 0.5362408757209778,
    "min": 0.5362408757209778,
    "max": 0.5362408757209778
  },
  "temporal_similarity": {
    "mean": 0.8049014577259476,
    "min": 0.8049014577259476,
    "max": 0.8049014577259476
  },
  "overall_similarity": {
    "mean": 0.6974172114270585,
    "min": 0.6974172114270585,
    "max": 0.6974172114270585
  },
  "mapping_types": {
    "one_to_one": 1,
    "n_to_m": 0
  },
  "fallback_count": 0,
  "missing_segments_count": 0
}