{
  "alignment_count": 1,
  "text_similarity": {
    "mean": 0.5119110941886902,
    "min": 0.5119110941886902,
    "max": 0.5119110941886902
  },
  "temporal_similarity": {
    "mean": 0.8357506457985109,
    "min": 0.8357506457985109,
    "max": 0.8357506457985109
  },
  "overall_similarity": {
    "mean": 0.5908774000476522,
    "min": 0.5908774000476522,
    "max": 0.5908774000476522
  },
  "mapping_types": {
    "one_to_one": 1,
    "n_to_m": 0
  },
  "fallback_count": 0,
  "missing_segments_count": 0
}