{
  "alignment_count": 1,
  "text_similarity": {
    "mean": 0.3706180155277252,
    "min": 0.3706180155277252,
    "max": 0.3706180155277252
  },
  "temporal_similarity": {
    "mean": 0.0,
    "min": 0.0,
    "max": 0.0
  },
  "overall_similarity": {
    "mean": 0.34769226386204466,
    "min": 0.34769226386204466,
    "max": 0.34769226386204466
  },
  "mapping_types": {
    "one_to_one": 1,
    "n_to_m": 0
  },
  "fallback_count": 0,
  "missing_segments_count": 0
}