{
  "alignment_count": 1,
  "text_similarity": {
    "mean": 0.5533551573753357,
    "min": 0.5533551573753357,
    "max": 0.5533551573753357
  },
  "temporal_similarity": {
    "mean": 0.5019736479360758,
    "min": 0.5019736479360758,
    "max": 0.5019736479360758
  },
  "overall_similarity": {
    "mean": 0.4955810463485539,
    "min": 0.4955810463485539,
    "max": 0.4955810463485539
  },
  "mapping_types": {
    "one_to_one": 1,
    "n_to_m": 0
  },
  "fallback_count": 0,
  "missing_segments_count": 0
}