{
  "pause_similarity": 0.1,
  "pitch_similarity": 0.4340560354001105,
  "energy_similarity": 0.42610718531189484,
  "rhythm_similarity": 0.815350953556538,
  "vowel_similarity": 0.3955716089828998,
  "overall": 0.35883361865291374
}