{
  "pause_similarity": 0.0,
  "pitch_similarity": 0.4731053423360464,
  "energy_similarity": 0.4064416303727301,
  "rhythm_similarity": 0.6153476489533514,
  "vowel_similarity": 0.5747634929359506,
  "overall": 0.36256267308427104
}