{
  "alignment_count": 1,
  "text_similarity": {
    "mean": 0.2,
    "min": 0.2,
    "max": 0.2
  },
  "temporal_similarity": {
    "mean": 0.723098616008396,
    "min": 0.723098616008396,
    "max": 0.723098616008396
  },
  "overall_similarity": {
    "mean": 0.4317291589589483,
    "min": 0.4317291589589483,
    "max": 0.4317291589589483
  },
  "mapping_types": {
    "one_to_one": 1,
    "n_to_m": 0
  },
  "fallback_count": 1,
  "missing_segments_count": 0
}