{
  "alignment_count": 1,
  "text_similarity": {
    "mean": 0.8222922682762146,
    "min": 0.8222922682762146,
    "max": 0.8222922682762146
  },
  "temporal_similarity": {
    "mean": 0.8361657157733564,
    "min": 0.8361657157733564,
    "max": 0.8361657157733564
  },
  "overall_similarity": {
    "mean": 0.7800787067567925,
    "min": 0.7800787067567925,
    "max": 0.7800787067567925
  },
  "mapping_types": {
    "one_to_one": 1,
    "n_to_m": 0
  },
  "fallback_count": 0,
  "missing_segments_count": 0
}