{
  "pause_similarity": 0.42341104889755227,
  "pitch_similarity": 0.47068424464647723,
  "energy_similarity": 0.4143061496166182,
  "rhythm_similarity": 0.6664513618116479,
  "vowel_similarity": 0.588727677667733,
  "overall": 0.5002164085387217
}