{
  "pause_similarity": 0.41840518254661,
  "pitch_similarity": 0.4441052164944093,
  "energy_similarity": 0.4805900023900667,
  "rhythm_similarity": 0.5682031785303102,
  "vowel_similarity": 0.43541265452724875,
  "overall": 0.45349419110264294
}