{
  "alignment_count": 1,
  "text_similarity": {
    "mean": 0.49612417817115784,
    "min": 0.49612417817115784,
    "max": 0.49612417817115784
  },
  "temporal_similarity": {
    "mean": 0.5479869644512213,
    "min": 0.5479869644512213,
    "max": 0.5479869644512213
  },
  "overall_similarity": {
    "mean": 0.5130193647754764,
    "min": 0.5130193647754764,
    "max": 0.5130193647754764
  },
  "mapping_types": {
    "one_to_one": 1,
    "n_to_m": 0
  },
  "fallback_count": 0,
  "missing_segments_count": 0
}