{
  "pause_similarity": 0.0,
  "pitch_similarity": 0.5039753990252577,
  "energy_similarity": 0.34625853030824993,
  "rhythm_similarity": 0.512924865182308,
  "vowel_similarity": 0.6358095830038126,
  "overall": 0.36168460738355035
}