{
  "pause_similarity": 0.3011060959368226,
  "pitch_similarity": 0.4896534503904875,
  "energy_similarity": 0.428236714699378,
  "rhythm_similarity": 0.7566018865464577,
  "vowel_similarity": 0.7584165183464143,
  "overall": 0.5281296609185412,
  "alignment_score": 0.7765636197609636,
  "final_score": 0.6026598485712679,
  "grade": "C",
  "improvement_suggestions": [
    "휴지(일시정지) 패턴 개선: 원본 음성의 문장 구분과 쉼표 위치에 맞춰 일시정지 패턴을 조정하세요.",
    "음높이(피치) 패턴 개선: 원본 음성의 억양 패턴을 모방하여 자연스러운 음높이 변화를 추가하세요.",
    "에너지(강세) 패턴 개선: 원본 음성에서 강조된 단어나 구문에 맞게 합성 음성의 볼륨과 강세를 조정하세요.",
    "세부적인 조정을 통해 더 자연스러운 합성 음성을 만들 수 있습니다."
  ]
}