{
  "pause_similarity": 0.192980571321476,
  "pitch_similarity": 0.43746965116903447,
  "energy_similarity": 0.33591676198296583,
  "rhythm_similarity": 0.6448264763117304,
  "vowel_similarity": 0.7774910478609438,
  "overall": 0.4665544508993956
}