{
  "pause_similarity": 0.3011060959368226,
  "pitch_similarity": 0.4896534503904875,
  "energy_similarity": 0.428236714699378,
  "rhythm_similarity": 0.7566018865464577,
  "vowel_similarity": 0.7584165183464143,
  "overall": 0.5281296609185412
}