{
  "alignment_count": 1,
  "text_similarity": {
    "mean": 0.46393629908561707,
    "min": 0.46393629908561707,
    "max": 0.46393629908561707
  },
  "temporal_similarity": {
    "mean": 0.5552232241338139,
    "min": 0.5552232241338139,
    "max": 0.5552232241338139
  },
  "overall_similarity": {
    "mean": 0.47580553057370356,
    "min": 0.47580553057370356,
    "max": 0.47580553057370356
  },
  "mapping_types": {
    "one_to_one": 1,
    "n_to_m": 0
  },
  "fallback_count": 0,
  "missing_segments_count": 0
}