{
  "alignment_count": 1,
  "text_similarity": {
    "mean": 0.6544767618179321,
    "min": 0.6544767618179321,
    "max": 0.6544767618179321
  },
  "temporal_similarity": {
    "mean": 0.8176984293193716,
    "min": 0.8176984293193716,
    "max": 0.8176984293193716
  },
  "overall_similarity": {
    "mean": 0.6705122028984948,
    "min": 0.6705122028984948,
    "max": 0.6705122028984948
  },
  "mapping_types": {
    "one_to_one": 1,
    "n_to_m": 0
  },
  "fallback_count": 0,
  "missing_segments_count": 0
}