{
  "pause_similarity": 0.1,
  "pitch_similarity": 0.4455111520347216,
  "energy_similarity": 0.4934993115884974,
  "rhythm_similarity": 0.6228265455001704,
  "vowel_similarity": 0.6502729872308132,
  "overall": 0.4306155282404326
}