{
  "pause_similarity": 0.26666666666666666,
  "pitch_similarity": 0.4355621410474486,
  "energy_similarity": 0.4459915305288931,
  "rhythm_similarity": 0.46557083318527576,
  "vowel_similarity": 0.8401298477815493,
  "overall": 0.5113505578635158
}