{
  "alignment_count": 1,
  "text_similarity": {
    "mean": 0.47506389021873474,
    "min": 0.47506389021873474,
    "max": 0.47506389021873474
  },
  "temporal_similarity": {
    "mean": 0.5520895077355836,
    "min": 0.5520895077355836,
    "max": 0.5520895077355836
  },
  "overall_similarity": {
    "mean": 0.472348539577253,
    "min": 0.472348539577253,
    "max": 0.472348539577253
  },
  "mapping_types": {
    "one_to_one": 1,
    "n_to_m": 0
  },
  "fallback_count": 0,
  "missing_segments_count": 0
}