{
  "pause_similarity": 0.0,
  "pitch_similarity": 0.41845949557042383,
  "energy_similarity": 0.47408777105270083,
  "rhythm_similarity": 0.5503702822098323,
  "vowel_similarity": 0.651744244666715,
  "overall": 0.38722380538858026
}