{
  "pause_similarity": 0.0,
  "pitch_similarity": 0.6720087193488216,
  "energy_similarity": 0.33501926645141467,
  "rhythm_similarity": 0.5818700754963675,
  "vowel_similarity": 0.5182084749520802,
  "overall": 0.3478542752604259
}