{
  "alignment_count": 1,
  "text_similarity": {
    "mean": 0.46390342712402344,
    "min": 0.46390342712402344,
    "max": 0.46390342712402344
  },
  "temporal_similarity": {
    "mean": 0.9087306451612903,
    "min": 0.9087306451612903,
    "max": 0.9087306451612903
  },
  "overall_similarity": {
    "mean": 0.6589362296910439,
    "min": 0.6589362296910439,
    "max": 0.6589362296910439
  },
  "mapping_types": {
    "one_to_one": 1,
    "n_to_m": 0
  },
  "fallback_count": 0,
  "missing_segments_count": 0
}