{
  "pause_similarity": 0.05714285714285714,
  "pitch_similarity": 0.4596243380679917,
  "energy_similarity": 0.40984150135821307,
  "rhythm_similarity": 0.4712526866035801,
  "vowel_similarity": 0.43623551786828985,
  "overall": 0.3230695152421439
}