{
  "pause_similarity": 0.5787878787878789,
  "pitch_similarity": 0.7725859901635448,
  "energy_similarity": 0.5916369299463292,
  "rhythm_similarity": 0.7119017139151199,
  "vowel_similarity": 0.7197886044826782,
  "overall": 0.6563491013782995
}