{
  "alignment_count": 1,
  "text_similarity": {
    "mean": 0.5218469500541687,
    "min": 0.5218469500541687,
    "max": 0.5218469500541687
  },
  "temporal_similarity": {
    "mean": 0.8546052362147141,
    "min": 0.8546052362147141,
    "max": 0.8546052362147141
  },
  "overall_similarity": {
    "mean": 0.5936866167559127,
    "min": 0.5936866167559127,
    "max": 0.5936866167559127
  },
  "mapping_types": {
    "one_to_one": 1,
    "n_to_m": 0
  },
  "fallback_count": 0,
  "missing_segments_count": 0
}