{
  "pause_similarity": 0.7733533502964449,
  "pitch_similarity": 0.5078004835461425,
  "energy_similarity": 0.52645416747431,
  "rhythm_similarity": 0.6207086241619787,
  "vowel_similarity": 0.6305380590405099,
  "overall": 0.6393091670667606
}