{
  "pause_similarity": 0.1687239098537986,
  "pitch_similarity": 0.625297047085918,
  "energy_similarity": 0.79988044941335,
  "rhythm_similarity": 0.7980847590484651,
  "vowel_similarity": 0.6980123449734655,
  "overall": 0.5623351469442875,
  "alignment_score": 0.8322465753424657,
  "final_score": 0.643308575463741,
  "grade": "C",
  "improvement_suggestions": [
    "휴지(일시정지) 패턴 개선: 원본 음성의 문장 구분과 쉼표 위치에 맞춰 일시정지 패턴을 조정하세요.",
    "음높이(피치) 패턴 개선: 원본 음성의 억양 패턴을 모방하여 자연스러운 음높이 변화를 추가하세요.",
    "모음 길이 패턴 개선: 중요한 모음의 길이를 원본과 유사하게 조정하여 자연스러운 발음을 구현하세요.",
    "세부적인 조정을 통해 더 자연스러운 합성 음성을 만들 수 있습니다."
  ]
}