{
  "alignment_count": 1,
  "text_similarity": {
    "mean": 0.5432115197181702,
    "min": 0.5432115197181702,
    "max": 0.5432115197181702
  },
  "temporal_similarity": {
    "mean": 0.5362990845070422,
    "min": 0.5362990845070422,
    "max": 0.5362990845070422
  },
  "overall_similarity": {
    "mean": 0.4971060877151101,
    "min": 0.4971060877151101,
    "max": 0.4971060877151101
  },
  "mapping_types": {
    "one_to_one": 1,
    "n_to_m": 0
  },
  "fallback_count": 0,
  "missing_segments_count": 0
}