{
  "pause_similarity": 0.26666666666666666,
  "pitch_similarity": 0.5106107997041656,
  "energy_similarity": 0.3845435745007016,
  "rhythm_similarity": 0.7669306237821545,
  "vowel_similarity": 0.6045289410257849,
  "overall": 0.4660215395565078
}