{
  "alignment_count": 1,
  "text_similarity": {
    "mean": 0.45345714688301086,
    "min": 0.45345714688301086,
    "max": 0.45345714688301086
  },
  "temporal_similarity": {
    "mean": 0.9201172058887692,
    "min": 0.9201172058887692,
    "max": 0.9201172058887692
  },
  "overall_similarity": {
    "mean": 0.6191699918949614,
    "min": 0.6191699918949614,
    "max": 0.6191699918949614
  },
  "mapping_types": {
    "one_to_one": 1,
    "n_to_m": 0
  },
  "fallback_count": 0,
  "missing_segments_count": 0
}