{
  "pause_similarity": 0.3466867911448967,
  "pitch_similarity": 0.47119917369410114,
  "energy_similarity": 0.3735134522305874,
  "rhythm_similarity": 0.800723537775643,
  "vowel_similarity": 0.43873893275046644,
  "overall": 0.4375226787617008
}