{
  "alignment_count": 1,
  "text_similarity": {
    "mean": 0.410597562789917,
    "min": 0.410597562789917,
    "max": 0.410597562789917
  },
  "temporal_similarity": {
    "mean": 0.9447707892411696,
    "min": 0.9447707892411696,
    "max": 0.9447707892411696
  },
  "overall_similarity": {
    "mean": 0.584499681845412,
    "min": 0.584499681845412,
    "max": 0.584499681845412
  },
  "mapping_types": {
    "one_to_one": 1,
    "n_to_m": 0
  },
  "fallback_count": 0,
  "missing_segments_count": 0
}