{
  "pause_similarity": 0.15000000000000002,
  "pitch_similarity": 0.5122046062125014,
  "energy_similarity": 0.42775807938398736,
  "rhythm_similarity": 0.6844812039850912,
  "vowel_similarity": 0.5209922065672579,
  "overall": 0.4065178588667341
}