{
  "alignment_count": 1,
  "text_similarity": {
    "mean": 0.7307177186012268,
    "min": 0.7307177186012268,
    "max": 0.7307177186012268
  },
  "temporal_similarity": {
    "mean": 0.9193773381294965,
    "min": 0.9193773381294965,
    "max": 0.9193773381294965
  },
  "overall_similarity": {
    "mean": 0.8153778815373696,
    "min": 0.8153778815373696,
    "max": 0.8153778815373696
  },
  "mapping_types": {
    "one_to_one": 1,
    "n_to_m": 0
  },
  "fallback_count": 0,
  "missing_segments_count": 0
}