{
  "alignment_count": 1,
  "text_similarity": {
    "mean": 0.598360538482666,
    "min": 0.598360538482666,
    "max": 0.598360538482666
  },
  "temporal_similarity": {
    "mean": 0.9705500412589886,
    "min": 0.9705500412589886,
    "max": 0.9705500412589886
  },
  "overall_similarity": {
    "mean": 0.7756203022485239,
    "min": 0.7756203022485239,
    "max": 0.7756203022485239
  },
  "mapping_types": {
    "one_to_one": 1,
    "n_to_m": 0
  },
  "fallback_count": 0,
  "missing_segments_count": 0
}