{
  "pause_similarity": 0.06666666666666667,
  "pitch_similarity": 0.4642322867035732,
  "energy_similarity": 0.5038153255459206,
  "rhythm_similarity": 0.638704873103729,
  "vowel_similarity": 0.715314015550649,
  "overall": 0.44565098575510903
}