{
  "pause_similarity": 0.10227794280338796,
  "pitch_similarity": 0.459560252392602,
  "energy_similarity": 0.40055915139490295,
  "rhythm_similarity": 0.5452623809024157,
  "vowel_similarity": 0.5654077536570509,
  "overall": 0.38089980254661404
}