{
  "alignment_count": 1,
  "text_similarity": {
    "mean": 0.523627758026123,
    "min": 0.523627758026123,
    "max": 0.523627758026123
  },
  "temporal_similarity": {
    "mean": 0.8628600702496341,
    "min": 0.8628600702496341,
    "max": 0.8628600702496341
  },
  "overall_similarity": {
    "mean": 0.6356731808221667,
    "min": 0.6356731808221667,
    "max": 0.6356731808221667
  },
  "mapping_types": {
    "one_to_one": 1,
    "n_to_m": 0
  },
  "fallback_count": 0,
  "missing_segments_count": 0
}