{
  "pause_similarity": 0.6272532055228459,
  "pitch_similarity": 0.481680150623069,
  "energy_similarity": 0.3233710595824536,
  "rhythm_similarity": 0.4551738676259702,
  "vowel_similarity": 0.8388560213449754,
  "overall": 0.5981923818017411
}