{
  "alignment_count": 1,
  "text_similarity": {
    "mean": 0.5240206122398376,
    "min": 0.5240206122398376,
    "max": 0.5240206122398376
  },
  "temporal_similarity": {
    "mean": 0.8357312517424031,
    "min": 0.8357312517424031,
    "max": 0.8357312517424031
  },
  "overall_similarity": {
    "mean": 0.6188087449267212,
    "min": 0.6188087449267212,
    "max": 0.6188087449267212
  },
  "mapping_types": {
    "one_to_one": 1,
    "n_to_m": 0
  },
  "fallback_count": 0,
  "missing_segments_count": 0
}