{
  "pause_similarity": 0.43200388947762836,
  "pitch_similarity": 0.6792003167648417,
  "energy_similarity": 0.3349800174427915,
  "rhythm_similarity": 0.5710727658471838,
  "vowel_similarity": 0.539786680995912,
  "overall": 0.4835604828918229
}