{
  "pause_similarity": 0.2609992284905006,
  "pitch_similarity": 0.4693069923208608,
  "energy_similarity": 0.34900683553049505,
  "rhythm_similarity": 0.590984747430991,
  "vowel_similarity": 0.7129899583799073,
  "overall": 0.46802729714240654
}