{
  "pause_similarity": 0.2,
  "pitch_similarity": 0.45725349305742957,
  "energy_similarity": 0.4048366199034596,
  "rhythm_similarity": 0.6864631124846587,
  "vowel_similarity": 0.31441763417987206,
  "overall": 0.3496642747888624
}