{
  "alignment_count": 1,
  "text_similarity": {
    "mean": 0.5603070259094238,
    "min": 0.5603070259094238,
    "max": 0.5603070259094238
  },
  "temporal_similarity": {
    "mean": 0.8964480565371025,
    "min": 0.8964480565371025,
    "max": 0.8964480565371025
  },
  "overall_similarity": {
    "mean": 0.6602559511172561,
    "min": 0.6602559511172561,
    "max": 0.6602559511172561
  },
  "mapping_types": {
    "one_to_one": 1,
    "n_to_m": 0
  },
  "fallback_count": 0,
  "missing_segments_count": 0
}