{
  "pause_similarity": 0.0,
  "pitch_similarity": 0.3669199969399447,
  "energy_similarity": 0.41504349266536494,
  "rhythm_similarity": 0.38523488603916123,
  "vowel_similarity": 0.7,
  "overall": 0.36822418683098357
}