{
  "pause_similarity": 0.7117225570992991,
  "pitch_similarity": 0.49304091592123644,
  "energy_similarity": 0.5733779195715626,
  "rhythm_similarity": 0.6496651073922823,
  "vowel_similarity": 0.5075036465930588,
  "overall": 0.5947140473533719
}