{
  "pause_similarity": 0.6466666673793939,
  "pitch_similarity": 0.810479088293131,
  "energy_similarity": 0.6034132029058368,
  "rhythm_similarity": 0.7653398628666264,
  "vowel_similarity": 0.5045476646018539,
  "overall": 0.6236288352915174
}