{
  "pause_similarity": 0.0,
  "pitch_similarity": 0.6004585266179997,
  "energy_similarity": 0.46670406064466663,
  "rhythm_similarity": 0.44965553130625535,
  "vowel_similarity": 0.5610041651497681,
  "overall": 0.3666534674662893
}