{
  "pause_similarity": 0.0,
  "pitch_similarity": 0.43712789519162587,
  "energy_similarity": 0.5368885835906715,
  "rhythm_similarity": 0.4731181333063511,
  "vowel_similarity": 0.44414480780802423,
  "overall": 0.33164576191033923
}