{
  "pause_similarity": 0.1,
  "pitch_similarity": 0.6550886556810749,
  "energy_similarity": 0.528439010496537,
  "rhythm_similarity": 0.717296243840533,
  "vowel_similarity": 0.7,
  "overall": 0.4829262920514682
}