{
  "alignment_count": 1,
  "text_similarity": {
    "mean": 0.5936171412467957,
    "min": 0.5936171412467957,
    "max": 0.5936171412467957
  },
  "temporal_similarity": {
    "mean": 0.8004115606936416,
    "min": 0.8004115606936416,
    "max": 0.8004115606936416
  },
  "overall_similarity": {
    "mean": 0.6363146977910279,
    "min": 0.6363146977910279,
    "max": 0.6363146977910279
  },
  "mapping_types": {
    "one_to_one": 1,
    "n_to_m": 0
  },
  "fallback_count": 0,
  "missing_segments_count": 0
}