{
  "pause_similarity": 0.08888888888888889,
  "pitch_similarity": 0.5308093435277333,
  "energy_similarity": 0.430221722994242,
  "rhythm_similarity": 0.6278075165992371,
  "vowel_similarity": 0.6110841376284346,
  "overall": 0.4118979385667425
}