{
  "pause_similarity": 0.08888888888888889,
  "pitch_similarity": 0.6020237303251632,
  "energy_similarity": 0.393728289386966,
  "rhythm_similarity": 0.832610388666071,
  "vowel_similarity": 0.5827272727272728,
  "overall": 0.42369391826136515
}