{
  "pause_similarity": 0.4170353026668835,
  "pitch_similarity": 0.4680951787603425,
  "energy_similarity": 0.45351653091976796,
  "rhythm_similarity": 0.6688730319633841,
  "vowel_similarity": 0.7516939548871512,
  "overall": 0.5550189045225367
}