{
  "pause_similarity": 0.4,
  "pitch_similarity": 0.7735846838763252,
  "energy_similarity": 0.32079415800255306,
  "rhythm_similarity": 0.7083371358284005,
  "vowel_similarity": 0.7663581165935812,
  "overall": 0.5622584485490576,
  "alignment_score": 0.8096064016192233,
  "final_score": 0.6364628344701073,
  "grade": "C",
  "improvement_suggestions": [
    "휴지(일시정지) 패턴 개선: 원본 음성의 문장 구분과 쉼표 위치에 맞춰 일시정지 패턴을 조정하세요.",
    "에너지(강세) 패턴 개선: 원본 음성에서 강조된 단어나 구문에 맞게 합성 음성의 볼륨과 강세를 조정하세요.",
    "세부적인 조정을 통해 더 자연스러운 합성 음성을 만들 수 있습니다."
  ]
}