{
  "pause_similarity": 0.16000000000000003,
  "pitch_similarity": 0.4929794887236048,
  "energy_similarity": 0.4329044295275366,
  "rhythm_similarity": 0.4741729681040092,
  "vowel_similarity": 0.6792609768258868,
  "overall": 0.43507442463603474
}