{
  "alignment_count": 1,
  "text_similarity": {
    "mean": 0.518501877784729,
    "min": 0.518501877784729,
    "max": 0.518501877784729
  },
  "temporal_similarity": {
    "mean": 0.8980265942045125,
    "min": 0.8980265942045125,
    "max": 0.8980265942045125
  },
  "overall_similarity": {
    "mean": 0.7273433132900599,
    "min": 0.7273433132900599,
    "max": 0.7273433132900599
  },
  "mapping_types": {
    "one_to_one": 1,
    "n_to_m": 0
  },
  "fallback_count": 0,
  "missing_segments_count": 0
}