{
  "pause_similarity": 0.24,
  "pitch_similarity": 0.4466945694075764,
  "energy_similarity": 0.3163684773013377,
  "rhythm_similarity": 0.5752933481264235,
  "vowel_similarity": 0.656649490408272,
  "overall": 0.43446733433614915
}