{
  "pause_similarity": 0.26666666666666666,
  "pitch_similarity": 0.6370795476929288,
  "energy_similarity": 0.25042476629920873,
  "rhythm_similarity": 0.674244522469662,
  "vowel_similarity": 0.6397199819866739,
  "overall": 0.453133354872103
}