{
  "alignment_count": 1,
  "text_similarity": {
    "mean": 0.5066403150558472,
    "min": 0.5066403150558472,
    "max": 0.5066403150558472
  },
  "temporal_similarity": {
    "mean": 0.558088312007119,
    "min": 0.558088312007119,
    "max": 0.558088312007119
  },
  "overall_similarity": {
    "mean": 0.5029420749438206,
    "min": 0.5029420749438206,
    "max": 0.5029420749438206
  },
  "mapping_types": {
    "one_to_one": 1,
    "n_to_m": 0
  },
  "fallback_count": 0,
  "missing_segments_count": 0
}