{
  "alignment_count": 1,
  "text_similarity": {
    "mean": 0.5502088665962219,
    "min": 0.5502088665962219,
    "max": 0.5502088665962219
  },
  "temporal_similarity": {
    "mean": 0.8391839501987735,
    "min": 0.8391839501987735,
    "max": 0.8391839501987735
  },
  "overall_similarity": {
    "mean": 0.6293670255857888,
    "min": 0.6293670255857888,
    "max": 0.6293670255857888
  },
  "mapping_types": {
    "one_to_one": 1,
    "n_to_m": 0
  },
  "fallback_count": 0,
  "missing_segments_count": 0
}