{
  "pause_similarity": 0.1,
  "pitch_similarity": 0.5117485526104186,
  "energy_similarity": 0.5609914470317426,
  "rhythm_similarity": 0.6250852838811377,
  "vowel_similarity": 0.6850963363197347,
  "overall": 0.4614105739514246
}