{
  "pause_similarity": 0.1,
  "pitch_similarity": 0.4936471993140209,
  "energy_similarity": 0.3706611700370479,
  "rhythm_similarity": 0.47201242558151235,
  "vowel_similarity": 0.46945766583573184,
  "overall": 0.3415354962476824
}