{
  "pause_similarity": 0.23892156052908858,
  "pitch_similarity": 0.4384074592883095,
  "energy_similarity": 0.4021510188337271,
  "rhythm_similarity": 0.5829124505297902,
  "vowel_similarity": 0.623103806639279,
  "overall": 0.44116980489906565
}