{
  "alignment_count": 1,
  "text_similarity": {
    "mean": 0.2,
    "min": 0.2,
    "max": 0.2
  },
  "temporal_similarity": {
    "mean": 0.7671654765700395,
    "min": 0.7671654765700395,
    "max": 0.7671654765700395
  },
  "overall_similarity": {
    "mean": 0.45850825114640864,
    "min": 0.45850825114640864,
    "max": 0.45850825114640864
  },
  "mapping_types": {
    "one_to_one": 1,
    "n_to_m": 0
  },
  "fallback_count": 1,
  "missing_segments_count": 0
}