{
  "pause_similarity": 0.26666666666666666,
  "pitch_similarity": 0.43850784059324194,
  "energy_similarity": 0.32809574719683987,
  "rhythm_similarity": 0.4684807301001642,
  "vowel_similarity": 0.6697435624763517,
  "overall": 0.4372410752516141
}