{
  "alignment_count": 1,
  "text_similarity": {
    "mean": 0.6232815980911255,
    "min": 0.6232815980911255,
    "max": 0.6232815980911255
  },
  "temporal_similarity": {
    "mean": 0.8279393442622951,
    "min": 0.8279393442622951,
    "max": 0.8279393442622951
  },
  "overall_similarity": {
    "mean": 0.6739922744553988,
    "min": 0.6739922744553988,
    "max": 0.6739922744553988
  },
  "mapping_types": {
    "one_to_one": 1,
    "n_to_m": 0
  },
  "fallback_count": 0,
  "missing_segments_count": 0
}