{
  "pause_similarity": 0.08888888888888889,
  "pitch_similarity": 0.5097743718884635,
  "energy_similarity": 0.37444636314404905,
  "rhythm_similarity": 0.5086527196303635,
  "vowel_similarity": 0.5598788268105666,
  "overall": 0.3713622964905292
}