{
  "alignment_count": 1,
  "text_similarity": {
    "mean": 0.5160166025161743,
    "min": 0.5160166025161743,
    "max": 0.5160166025161743
  },
  "temporal_similarity": {
    "mean": 0.8183199305417806,
    "min": 0.8183199305417806,
    "max": 0.8183199305417806
  },
  "overall_similarity": {
    "mean": 0.6945342196446794,
    "min": 0.6945342196446794,
    "max": 0.6945342196446794
  },
  "mapping_types": {
    "one_to_one": 1,
    "n_to_m": 0
  },
  "fallback_count": 0,
  "missing_segments_count": 0
}