{
  "pause_similarity": 0.11491431834424153,
  "pitch_similarity": 0.49060865439910534,
  "energy_similarity": 0.35222976865520056,
  "rhythm_similarity": 0.3986088592267669,
  "vowel_similarity": 0.6363328274784035,
  "overall": 0.38474184884042084
}