{
  "pause_similarity": 0.42397989794666546,
  "pitch_similarity": 0.469745176284763,
  "energy_similarity": 0.3146826750859844,
  "rhythm_similarity": 0.5628098543932061,
  "vowel_similarity": 0.7279862079727807,
  "overall": 0.5117818698608276
}