{
  "pause_similarity": 0.0,
  "pitch_similarity": 0.47381476729614236,
  "energy_similarity": 0.3916659218838425,
  "rhythm_similarity": 0.7725805519207308,
  "vowel_similarity": 0.9083040519479968,
  "overall": 0.47546393188285485
}