{
  "pause_similarity": 0.0,
  "pitch_similarity": 0.49417332011250903,
  "energy_similarity": 0.8066019452902528,
  "rhythm_similarity": 0.5882342556583054,
  "vowel_similarity": 0.9759566592084146,
  "overall": 0.5623481443976563
}