{
  "alignment_count": 1,
  "text_similarity": {
    "mean": 0.4707774519920349,
    "min": 0.4707774519920349,
    "max": 0.4707774519920349
  },
  "temporal_similarity": {
    "mean": 0.9067869281045752,
    "min": 0.9067869281045752,
    "max": 0.9067869281045752
  },
  "overall_similarity": {
    "mean": 0.6835723301043275,
    "min": 0.6835723301043275,
    "max": 0.6835723301043275
  },
  "mapping_types": {
    "one_to_one": 1,
    "n_to_m": 0
  },
  "fallback_count": 0,
  "missing_segments_count": 0
}