{
  "alignment_count": 1,
  "text_similarity": {
    "mean": 0.6255583167076111,
    "min": 0.6255583167076111,
    "max": 0.6255583167076111
  },
  "temporal_similarity": {
    "mean": 0.8588447469162059,
    "min": 0.8588447469162059,
    "max": 0.8588447469162059
  },
  "overall_similarity": {
    "mean": 0.6674993625222445,
    "min": 0.6674993625222445,
    "max": 0.6674993625222445
  },
  "mapping_types": {
    "one_to_one": 1,
    "n_to_m": 0
  },
  "fallback_count": 0,
  "missing_segments_count": 0
}