{
  "pause_similarity": 0.0,
  "pitch_similarity": 0.473305950902357,
  "energy_similarity": 0.5288075703821606,
  "rhythm_similarity": 0.5544906967726004,
  "vowel_similarity": 0.5410450847534743,
  "overall": 0.3708547042699702
}