{
  "alignment_count": 1,
  "text_similarity": {
    "mean": 0.5763962864875793,
    "min": 0.5763962864875793,
    "max": 0.5763962864875793
  },
  "temporal_similarity": {
    "mean": 0.8478585405065828,
    "min": 0.8478585405065828,
    "max": 0.8478585405065828
  },
  "overall_similarity": {
    "mean": 0.6169132675477395,
    "min": 0.6169132675477395,
    "max": 0.6169132675477395
  },
  "mapping_types": {
    "one_to_one": 1,
    "n_to_m": 0
  },
  "fallback_count": 0,
  "missing_segments_count": 0
}