{
  "alignment_count": 1,
  "text_similarity": {
    "mean": 0.5108651518821716,
    "min": 0.5108651518821716,
    "max": 0.5108651518821716
  },
  "temporal_similarity": {
    "mean": 0.9427257993948693,
    "min": 0.9427257993948693,
    "max": 0.9427257993948693
  },
  "overall_similarity": {
    "mean": 0.7240466911377533,
    "min": 0.7240466911377533,
    "max": 0.7240466911377533
  },
  "mapping_types": {
    "one_to_one": 1,
    "n_to_m": 0
  },
  "fallback_count": 0,
  "missing_segments_count": 0
}