{
  "alignment_count": 12,
  "text_similarity": {
    "mean": 0.5822170972824097,
    "min": 0.5004672408103943,
    "max": 0.6654875874519348
  },
  "temporal_similarity": {
    "mean": 0.03940782422293675,
    "min": 0.0,
    "max": 0.47289389067524107
  },
  "overall_similarity": {
    "mean": 0.4300030482508394,
    "min": 0.3327437937259674,
    "max": 0.618284575688494
  },
  "mapping_types": {
    "one_to_one": 7,
    "n_to_m": 5
  },
  "fallback_count": 0,
  "missing_segments_count": 0
}