{
  "alignment_count": 1,
  "text_similarity": {
    "mean": 0.5282576680183411,
    "min": 0.5282576680183411,
    "max": 0.5282576680183411
  },
  "temporal_similarity": {
    "mean": 0.8447751412429378,
    "min": 0.8447751412429378,
    "max": 0.8447751412429378
  },
  "overall_similarity": {
    "mean": 0.6399489470035209,
    "min": 0.6399489470035209,
    "max": 0.6399489470035209
  },
  "mapping_types": {
    "one_to_one": 1,
    "n_to_m": 0
  },
  "fallback_count": 0,
  "missing_segments_count": 0
}