{
  "pause_similarity": 0.2,
  "pitch_similarity": 0.608736311851427,
  "energy_similarity": 0.3272027193195722,
  "rhythm_similarity": 0.5327130478679278,
  "vowel_similarity": 0.6870968984026554,
  "overall": 0.44571454935664656
}