{
  "pause_similarity": 0.8913318311549878,
  "pitch_similarity": 0.5041480715025337,
  "energy_similarity": 0.5375590169030154,
  "rhythm_similarity": 0.8217418771968661,
  "vowel_similarity": 0.7560379589588662,
  "overall": 0.7343117352846993,
  "alignment_score": 0.7635813301837622,
  "final_score": 0.743092613754418,
  "grade": "B",
  "improvement_suggestions": [
    "음높이(피치) 패턴 개선: 원본 음성의 억양 패턴을 모방하여 자연스러운 음높이 변화를 추가하세요.",
    "에너지(강세) 패턴 개선: 원본 음성에서 강조된 단어나 구문에 맞게 합성 음성의 볼륨과 강세를 조정하세요.",
    "세부적인 조정을 통해 더 자연스러운 합성 음성을 만들 수 있습니다."
  ]
}