{
  "alignment_count": 1,
  "text_similarity": {
    "mean": 0.4193321168422699,
    "min": 0.4193321168422699,
    "max": 0.4193321168422699
  },
  "temporal_similarity": {
    "mean": 0.9104027612110753,
    "min": 0.9104027612110753,
    "max": 0.9104027612110753
  },
  "overall_similarity": {
    "mean": 0.6158166415892041,
    "min": 0.6158166415892041,
    "max": 0.6158166415892041
  },
  "mapping_types": {
    "one_to_one": 1,
    "n_to_m": 0
  },
  "fallback_count": 0,
  "missing_segments_count": 0
}