{
  "pause_similarity": 0.26666666666666666,
  "pitch_similarity": 0.46608676104402247,
  "energy_similarity": 0.3721127716969622,
  "rhythm_similarity": 0.42723022777466746,
  "vowel_similarity": 0.7,
  "overall": 0.4537542532212614
}