{
  "pause_similarity": 0.08888888888888889,
  "pitch_similarity": 0.3864749878333651,
  "energy_similarity": 0.3772822765655267,
  "rhythm_similarity": 0.8613222792660197,
  "vowel_similarity": 0.41543560762610376,
  "overall": 0.35153353097754164
}