{
  "alignment_count": 1,
  "text_similarity": {
    "mean": 0.5131862759590149,
    "min": 0.5131862759590149,
    "max": 0.5131862759590149
  },
  "temporal_similarity": {
    "mean": 0.8929049153680741,
    "min": 0.8929049153680741,
    "max": 0.8929049153680741
  },
  "overall_similarity": {
    "mean": 0.6416265787371593,
    "min": 0.6416265787371593,
    "max": 0.6416265787371593
  },
  "mapping_types": {
    "one_to_one": 1,
    "n_to_m": 0
  },
  "fallback_count": 0,
  "missing_segments_count": 0
}