{
  "alignment_count": 1,
  "text_similarity": {
    "mean": 0.4792843461036682,
    "min": 0.4792843461036682,
    "max": 0.4792843461036682
  },
  "temporal_similarity": {
    "mean": 0.9162702816183307,
    "min": 0.9162702816183307,
    "max": 0.9162702816183307
  },
  "overall_similarity": {
    "mean": 0.6232411668436345,
    "min": 0.6232411668436345,
    "max": 0.6232411668436345
  },
  "mapping_types": {
    "one_to_one": 1,
    "n_to_m": 0
  },
  "fallback_count": 0,
  "missing_segments_count": 0
}