{
  "pause_similarity": 0.2,
  "pitch_similarity": 0.636099163163431,
  "energy_similarity": 0.36603113036474344,
  "rhythm_similarity": 0.7059991583621641,
  "vowel_similarity": 0.8035558472448128,
  "overall": 0.508482812398952
}