{
  "pause_similarity": 0.17052752341208072,
  "pitch_similarity": 0.4964678861742567,
  "energy_similarity": 0.2639023505447557,
  "rhythm_similarity": 0.42472926671725075,
  "vowel_similarity": 0.41220228116635393,
  "overall": 0.3197191267716323
}