{
  "alignment_count": 1,
  "text_similarity": {
    "mean": 0.4888435900211334,
    "min": 0.4888435900211334,
    "max": 0.4888435900211334
  },
  "temporal_similarity": {
    "mean": 0.8071039531719508,
    "min": 0.8071039531719508,
    "max": 0.8071039531719508
  },
  "overall_similarity": {
    "mean": 0.5901049575481274,
    "min": 0.5901049575481274,
    "max": 0.5901049575481274
  },
  "mapping_types": {
    "one_to_one": 1,
    "n_to_m": 0
  },
  "fallback_count": 0,
  "missing_segments_count": 0
}