{
  "alignment_count": 1,
  "text_similarity": {
    "mean": 0.43699419498443604,
    "min": 0.43699419498443604,
    "max": 0.43699419498443604
  },
  "temporal_similarity": {
    "mean": 0.5417890033868992,
    "min": 0.5417890033868992,
    "max": 0.5417890033868992
  },
  "overall_similarity": {
    "mean": 0.46802594378464435,
    "min": 0.46802594378464435,
    "max": 0.46802594378464435
  },
  "mapping_types": {
    "one_to_one": 1,
    "n_to_m": 0
  },
  "fallback_count": 0,
  "missing_segments_count": 0
}