{
  "pause_similarity": 0.5787878796363637,
  "pitch_similarity": 0.8150618140608027,
  "energy_similarity": 0.5839062737661168,
  "rhythm_similarity": 0.731064650607773,
  "vowel_similarity": 0.4447128812544507,
  "overall": 0.5784441294873253
}