{
  "pause_similarity": 0.08888888888888889,
  "pitch_similarity": 0.5014856359499716,
  "energy_similarity": 0.4341787874036363,
  "rhythm_similarity": 0.6544437630845206,
  "vowel_similarity": 0.26952295833603074,
  "overall": 0.3099522515516524
}