{
  "alignment_count": 1,
  "text_similarity": {
    "mean": 0.2,
    "min": 0.2,
    "max": 0.2
  },
  "temporal_similarity": {
    "mean": 0.7664541975308642,
    "min": 0.7664541975308642,
    "max": 0.7664541975308642
  },
  "overall_similarity": {
    "mean": 0.4580760123456791,
    "min": 0.4580760123456791,
    "max": 0.4580760123456791
  },
  "mapping_types": {
    "one_to_one": 1,
    "n_to_m": 0
  },
  "fallback_count": 1,
  "missing_segments_count": 0
}