{
  "alignment_count": 1,
  "text_similarity": {
    "mean": 0.5752257108688354,
    "min": 0.5752257108688354,
    "max": 0.5752257108688354
  },
  "temporal_similarity": {
    "mean": 0.9441643473979376,
    "min": 0.9441643473979376,
    "max": 0.9441643473979376
  },
  "overall_similarity": {
    "mean": 0.7429443333527679,
    "min": 0.7429443333527679,
    "max": 0.7429443333527679
  },
  "mapping_types": {
    "one_to_one": 1,
    "n_to_m": 0
  },
  "fallback_count": 0,
  "missing_segments_count": 0
}