{
  "pause_similarity": 0.2,
  "pitch_similarity": 0.8221543423659651,
  "energy_similarity": 0.7619230527056516,
  "rhythm_similarity": 0.2519839389634384,
  "vowel_similarity": 0.41206971057421904,
  "overall": 0.44341935184633635
}