{
  "pause_similarity": 0.0,
  "pitch_similarity": 0.422295935413433,
  "energy_similarity": 0.35460994531031165,
  "rhythm_similarity": 0.5113790786678988,
  "vowel_similarity": 0.44097464668069386,
  "overall": 0.29658188447440365
}