{
  "alignment_count": 1,
  "text_similarity": {
    "mean": 0.2,
    "min": 0.2,
    "max": 0.2
  },
  "temporal_similarity": {
    "mean": 0.8656219960887002,
    "min": 0.8656219960887002,
    "max": 0.8656219960887002
  },
  "overall_similarity": {
    "mean": 0.5183395207000563,
    "min": 0.5183395207000563,
    "max": 0.5183395207000563
  },
  "mapping_types": {
    "one_to_one": 1,
    "n_to_m": 0
  },
  "fallback_count": 1,
  "missing_segments_count": 0
}