{
  "pause_similarity": 0.2924780876382315,
  "pitch_similarity": 0.4636413331662772,
  "energy_similarity": 0.41121806881891954,
  "rhythm_similarity": 0.7881415700038508,
  "vowel_similarity": 0.4740748548926349,
  "overall": 0.43738778684005664
}