{
  "pause_similarity": 0.2,
  "pitch_similarity": 0.44048698875822884,
  "energy_similarity": 0.4978177234218041,
  "rhythm_similarity": 0.6959791807032156,
  "vowel_similarity": 0.3802809326250558,
  "overall": 0.387294441418022
}