{
  "alignment_count": 1,
  "text_similarity": {
    "mean": 0.37511271238327026,
    "min": 0.37511271238327026,
    "max": 0.37511271238327026
  },
  "temporal_similarity": {
    "mean": 0.9811395210889451,
    "min": 0.9811395210889451,
    "max": 0.9811395210889451
  },
  "overall_similarity": {
    "mean": 0.6127921121780233,
    "min": 0.6127921121780233,
    "max": 0.6127921121780233
  },
  "mapping_types": {
    "one_to_one": 1,
    "n_to_m": 0
  },
  "fallback_count": 0,
  "missing_segments_count": 0
}