{
  "pause_similarity": 0.0,
  "pitch_similarity": 0.46265809540259273,
  "energy_similarity": 0.5209794851548285,
  "rhythm_similarity": 0.5303329079731722,
  "vowel_similarity": 0.3638499301613235,
  "overall": 0.31264997641693926
}