{
  "alignment_count": 1,
  "text_similarity": {
    "mean": 0.4714456796646118,
    "min": 0.4714456796646118,
    "max": 0.4714456796646118
  },
  "temporal_similarity": {
    "mean": 0.8006932237542914,
    "min": 0.8006932237542914,
    "max": 0.8006932237542914
  },
  "overall_similarity": {
    "mean": 0.5476069582994118,
    "min": 0.5476069582994118,
    "max": 0.5476069582994118
  },
  "mapping_types": {
    "one_to_one": 1,
    "n_to_m": 0
  },
  "fallback_count": 0,
  "missing_segments_count": 0
}