{
  "pause_similarity": 0.4545247174648257,
  "pitch_similarity": 0.4345772966909989,
  "energy_similarity": 0.4112901723737531,
  "rhythm_similarity": 0.5579493100433506,
  "vowel_similarity": 0.6576654136641683,
  "overall": 0.5151677344868838
}