{
  "alignment_count": 1,
  "text_similarity": {
    "mean": 0.6588485836982727,
    "min": 0.6588485836982727,
    "max": 0.6588485836982727
  },
  "temporal_similarity": {
    "mean": 0.876883748772429,
    "min": 0.876883748772429,
    "max": 0.876883748772429
  },
  "overall_similarity": {
    "mean": 0.743516915811281,
    "min": 0.743516915811281,
    "max": 0.743516915811281
  },
  "mapping_types": {
    "one_to_one": 1,
    "n_to_m": 0
  },
  "fallback_count": 0,
  "missing_segments_count": 0
}