{
  "pause_similarity": 0.1,
  "pitch_similarity": 0.5410621567063583,
  "energy_similarity": 0.35877031302551826,
  "rhythm_similarity": 0.3370180192179305,
  "vowel_similarity": 0.7812678062678062,
  "overall": 0.4239424220778744
}