{
  "pause_similarity": 0.13333333333333333,
  "pitch_similarity": 0.4752652774024055,
  "energy_similarity": 0.40898206057863823,
  "rhythm_similarity": 0.7311990186820523,
  "vowel_similarity": 0.6171118672625738,
  "overall": 0.42757640190294555
}