{
  "pause_similarity": 0.3344724266144212,
  "pitch_similarity": 0.5132489929568812,
  "energy_similarity": 0.5974813122062178,
  "rhythm_similarity": 0.4536962031660564,
  "vowel_similarity": 0.6010601839782616,
  "overall": 0.4968505652313421
}