{
  "pause_similarity": 0.17142857142857143,
  "pitch_similarity": 0.6535781291512912,
  "energy_similarity": 0.5354014291665372,
  "rhythm_similarity": 0.45912346100660906,
  "vowel_similarity": 0.5750000000000007,
  "overall": 0.44227901627766913
}