{
  "pause_similarity": 0.0,
  "pitch_similarity": 0.5544169748663512,
  "energy_similarity": 0.5928701960665684,
  "rhythm_similarity": 0.759496735205948,
  "vowel_similarity": 0.6115827452897549,
  "overall": 0.4334402338074701
}