{
  "pause_similarity": 0.33333333333333337,
  "pitch_similarity": 0.4280292723001619,
  "energy_similarity": 0.4316939683073279,
  "rhythm_similarity": 0.5999740548058176,
  "vowel_similarity": 0.7006133795671408,
  "overall": 0.4993231402422057,
  "alignment_score": 0.9548722947943069,
  "final_score": 0.635987886607836,
  "grade": "C",
  "improvement_suggestions": [
    "휴지(일시정지) 패턴 개선: 원본 음성의 문장 구분과 쉼표 위치에 맞춰 일시정지 패턴을 조정하세요.",
    "음높이(피치) 패턴 개선: 원본 음성의 억양 패턴을 모방하여 자연스러운 음높이 변화를 추가하세요.",
    "에너지(강세) 패턴 개선: 원본 음성에서 강조된 단어나 구문에 맞게 합성 음성의 볼륨과 강세를 조정하세요.",
    "리듬 패턴 개선: 원본 음성의 말하기 속도 변화와 단어 간격을 더 정확히 모방하세요.",
    "세부적인 조정을 통해 더 자연스러운 합성 음성을 만들 수 있습니다."
  ]
}