{
  "pause_similarity": 0.16000000000000003,
  "pitch_similarity": 0.4497744564027833,
  "energy_similarity": 0.3260308445359472,
  "rhythm_similarity": 0.6920467149007811,
  "vowel_similarity": 0.4874597058712302,
  "overall": 0.3736261977989149
}