{
  "pause_similarity": 0.8299950336633619,
  "pitch_similarity": 0.44412838037757807,
  "energy_similarity": 0.44665922575363826,
  "rhythm_similarity": 0.29826687964117643,
  "vowel_similarity": 0.46073417703399006,
  "overall": 0.5507901343618087
}