{
  "pause_similarity": 0.2,
  "pitch_similarity": 0.4633348809141921,
  "energy_similarity": 0.40167977253117393,
  "rhythm_similarity": 0.6581825701042807,
  "vowel_similarity": 0.5062117679130458,
  "overall": 0.4043512299819958
}