{
  "alignment_count": 1,
  "text_similarity": {
    "mean": 0.4208989143371582,
    "min": 0.4208989143371582,
    "max": 0.4208989143371582
  },
  "temporal_similarity": {
    "mean": 0.8233756807716683,
    "min": 0.8233756807716683,
    "max": 0.8233756807716683
  },
  "overall_similarity": {
    "mean": 0.5443304817001728,
    "min": 0.5443304817001728,
    "max": 0.5443304817001728
  },
  "mapping_types": {
    "one_to_one": 1,
    "n_to_m": 0
  },
  "fallback_count": 0,
  "missing_segments_count": 0
}