{
  "pause_similarity": 0.4225784402989169,
  "pitch_similarity": 0.520244874754989,
  "energy_similarity": 0.34373118436441064,
  "rhythm_similarity": 0.5167402014394363,
  "vowel_similarity": 0.49384455862558374,
  "overall": 0.44737164416967484
}