{
  "pause_similarity": 0.7040404041346802,
  "pitch_similarity": 0.5034469132647827,
  "energy_similarity": 0.6152463558585757,
  "rhythm_similarity": 0.7395919639203259,
  "vowel_similarity": 0.7,
  "overall": 0.66856528013063
}