{
  "pause_similarity": 0.44606914989814617,
  "pitch_similarity": 0.45298354989717493,
  "energy_similarity": 0.41879437133291386,
  "rhythm_similarity": 0.6365344538287637,
  "vowel_similarity": 0.5575754655861752,
  "overall": 0.493804059284473
}