{
  "pause_similarity": 0.1,
  "pitch_similarity": 0.5508667048588265,
  "energy_similarity": 0.4301387695528356,
  "rhythm_similarity": 0.32146904112581337,
  "vowel_similarity": 0.3227981577569878,
  "overall": 0.30010077583612743
}