{
  "alignment_count": 1,
  "text_similarity": {
    "mean": 0.520900547504425,
    "min": 0.520900547504425,
    "max": 0.520900547504425
  },
  "temporal_similarity": {
    "mean": 0.5295883306320908,
    "min": 0.5295883306320908,
    "max": 0.5295883306320908
  },
  "overall_similarity": {
    "mean": 0.4976041519647617,
    "min": 0.4976041519647617,
    "max": 0.4976041519647617
  },
  "mapping_types": {
    "one_to_one": 1,
    "n_to_m": 0
  },
  "fallback_count": 0,
  "missing_segments_count": 0
}