{
  "alignment_count": 1,
  "text_similarity": {
    "mean": 0.5613754987716675,
    "min": 0.5613754987716675,
    "max": 0.5613754987716675
  },
  "temporal_similarity": {
    "mean": 0.880113074204947,
    "min": 0.880113074204947,
    "max": 0.880113074204947
  },
  "overall_similarity": {
    "mean": 0.6524574694184513,
    "min": 0.6524574694184513,
    "max": 0.6524574694184513
  },
  "mapping_types": {
    "one_to_one": 1,
    "n_to_m": 0
  },
  "fallback_count": 0,
  "missing_segments_count": 0
}