{
  "pause_similarity": 0.7267875233480097,
  "pitch_similarity": 0.5191124867050442,
  "energy_similarity": 0.5886705492086548,
  "rhythm_similarity": 0.7686836416500886,
  "vowel_similarity": 0.5464517325694117,
  "overall": 0.6284854994524707
}