{
  "pause_similarity": 0.7795122072722451,
  "pitch_similarity": 0.48949920818281556,
  "energy_similarity": 0.501838873934505,
  "rhythm_similarity": 0.6271001110970202,
  "vowel_similarity": 0.5766453587395293,
  "overall": 0.6156828636578202
}