{
  "pause_similarity": 0.17142857142857143,
  "pitch_similarity": 0.5147977638900053,
  "energy_similarity": 0.39687129659084525,
  "rhythm_similarity": 0.5941938832172149,
  "vowel_similarity": 0.42776169409931075,
  "overall": 0.37003050368725576
}