{
  "pause_similarity": 0.6466666673793939,
  "pitch_similarity": 0.5024947628798736,
  "energy_similarity": 0.5737414277542531,
  "rhythm_similarity": 0.7079541332623938,
  "vowel_similarity": 0.7058067952638627,
  "overall": 0.6415352139580544
}