{
  "pause_similarity": 0.5889245846564973,
  "pitch_similarity": 0.4558953272594106,
  "energy_similarity": 0.5040178746522747,
  "rhythm_similarity": 0.6863968893028731,
  "vowel_similarity": 0.462224139005621,
  "overall": 0.5303774136853188
}