{
  "pause_similarity": 0.1661294521721916,
  "pitch_similarity": 0.6000073945563998,
  "energy_similarity": 0.42029263810575623,
  "rhythm_similarity": 0.5276996794221982,
  "vowel_similarity": 0.7212762625279759,
  "overall": 0.46305094942906133
}