{
  "alignment_count": 1,
  "text_similarity": {
    "mean": 0.4822273552417755,
    "min": 0.4822273552417755,
    "max": 0.4822273552417755
  },
  "temporal_similarity": {
    "mean": 0.8835714921288654,
    "min": 0.8835714921288654,
    "max": 0.8835714921288654
  },
  "overall_similarity": {
    "mean": 0.660860484602565,
    "min": 0.660860484602565,
    "max": 0.660860484602565
  },
  "mapping_types": {
    "one_to_one": 1,
    "n_to_m": 0
  },
  "fallback_count": 0,
  "missing_segments_count": 0
}