{
  "pause_similarity": 0.07272727272727274,
  "pitch_similarity": 0.44245551134139127,
  "energy_similarity": 0.47670239346655324,
  "rhythm_similarity": 0.40346924014064145,
  "vowel_similarity": 0.37567746186500567,
  "overall": 0.3144543742191975
}