{
  "alignment_count": 1,
  "text_similarity": {
    "mean": 0.6141433119773865,
    "min": 0.6141433119773865,
    "max": 0.6141433119773865
  },
  "temporal_similarity": {
    "mean": 0.7412173374613004,
    "min": 0.7412173374613004,
    "max": 0.7412173374613004
  },
  "overall_similarity": {
    "mean": 0.642977444980652,
    "min": 0.642977444980652,
    "max": 0.642977444980652
  },
  "mapping_types": {
    "one_to_one": 1,
    "n_to_m": 0
  },
  "fallback_count": 0,
  "missing_segments_count": 0
}