{
  "alignment_count": 1,
  "text_similarity": {
    "mean": 0.6141433119773865,
    "min": 0.6141433119773865,
    "max": 0.6141433119773865
  },
  "temporal_similarity": {
    "mean": 0.5188521362229103,
    "min": 0.5188521362229103,
    "max": 0.5188521362229103
  },
  "overall_similarity": {
    "mean": 0.5960992266801277,
    "min": 0.5960992266801277,
    "max": 0.5960992266801277
  },
  "mapping_types": {
    "one_to_one": 1,
    "n_to_m": 0
  },
  "fallback_count": 0,
  "missing_segments_count": 0
}