{
  "pause_similarity": 0.37895343541197635,
  "pitch_similarity": 0.5080781520211377,
  "energy_similarity": 0.4842049064130714,
  "rhythm_similarity": 0.9391208533043004,
  "vowel_similarity": 0.6807218194217541,
  "overall": 0.5594634582652772
}