{
  "pause_similarity": 0.30000000000000004,
  "pitch_similarity": 0.5205090503954792,
  "energy_similarity": 0.3688104953936057,
  "rhythm_similarity": 0.6190820863962052,
  "vowel_similarity": 0.4993325889553872,
  "overall": 0.4275209894445058
}