{
  "alignment_count": 1,
  "text_similarity": {
    "mean": 0.2,
    "min": 0.2,
    "max": 0.2
  },
  "temporal_similarity": {
    "mean": 0.8495271966091457,
    "min": 0.8495271966091457,
    "max": 0.8495271966091457
  },
  "overall_similarity": {
    "mean": 0.5085588348624808,
    "min": 0.5085588348624808,
    "max": 0.5085588348624808
  },
  "mapping_types": {
    "one_to_one": 1,
    "n_to_m": 0
  },
  "fallback_count": 1,
  "missing_segments_count": 0
}