{
  "pause_similarity": 0.8253218842790249,
  "pitch_similarity": 0.5287154501646116,
  "energy_similarity": 0.4168434369409847,
  "rhythm_similarity": 0.5610476295461106,
  "vowel_similarity": 0.6022360975799563,
  "overall": 0.5959277656353988
}