{
  "pause_similarity": 0.26666666666666666,
  "pitch_similarity": 0.5956246519569124,
  "energy_similarity": 0.3789743820159442,
  "rhythm_similarity": 0.6594405263819205,
  "vowel_similarity": 0.543461538461537,
  "overall": 0.44433985577553325
}