{
  "alignment_count": 1,
  "text_similarity": {
    "mean": 0.2,
    "min": 0.2,
    "max": 0.2
  },
  "temporal_similarity": {
    "mean": 0.822722330960854,
    "min": 0.822722330960854,
    "max": 0.822722330960854
  },
  "overall_similarity": {
    "mean": 0.49226972419928827,
    "min": 0.49226972419928827,
    "max": 0.49226972419928827
  },
  "mapping_types": {
    "one_to_one": 1,
    "n_to_m": 0
  },
  "fallback_count": 1,
  "missing_segments_count": 0
}