{
  "pause_similarity": 0.7129032257392394,
  "pitch_similarity": 0.5054089544979742,
  "energy_similarity": 0.5884507591917962,
  "rhythm_similarity": 0.6264711774211396,
  "vowel_similarity": 0.54569860187693,
  "overall": 0.6084587133151214
}