{
  "alignment_count": 1,
  "text_similarity": {
    "mean": 0.47143998742103577,
    "min": 0.47143998742103577,
    "max": 0.47143998742103577
  },
  "temporal_similarity": {
    "mean": 0.5270311562612486,
    "min": 0.5270311562612486,
    "max": 0.5270311562612486
  },
  "overall_similarity": {
    "mean": 0.5722146010243069,
    "min": 0.5722146010243069,
    "max": 0.5722146010243069
  },
  "mapping_types": {
    "one_to_one": 1,
    "n_to_m": 0
  },
  "fallback_count": 0,
  "missing_segments_count": 0
}