{
  "pause_similarity": 0.6322294984788834,
  "pitch_similarity": 0.5157048583992598,
  "energy_similarity": 0.4008289685594251,
  "rhythm_similarity": 0.4937794976596386,
  "vowel_similarity": 0.5628003904334237,
  "overall": 0.539623195991467
}