{
  "pause_similarity": 0.1687239098537986,
  "pitch_similarity": 0.625297047085918,
  "energy_similarity": 0.79988044941335,
  "rhythm_similarity": 0.7980847590484651,
  "vowel_similarity": 0.6980123449734655,
  "overall": 0.5623351469442875
}