{
  "pause_similarity": 0.03333333333333333,
  "pitch_similarity": 0.44830030542112026,
  "energy_similarity": 0.4477255307633158,
  "rhythm_similarity": 0.7351278483275675,
  "vowel_similarity": 0.5631027583078851,
  "overall": 0.3868187490198975
}