{
  "pause_similarity": 0.05,
  "pitch_similarity": 0.49203477200654444,
  "energy_similarity": 0.320940540604268,
  "rhythm_similarity": 0.7740080268093181,
  "vowel_similarity": 0.6381901505229481,
  "overall": 0.3972494331593243
}