{
  "pause_similarity": 0.2,
  "pitch_similarity": 0.4972605243760508,
  "energy_similarity": 0.25872922411664634,
  "rhythm_similarity": 0.750090734026403,
  "vowel_similarity": 0.7,
  "overall": 0.4464809706635746
}