{
  "pause_similarity": 0.1,
  "pitch_similarity": 0.48995372540843724,
  "energy_similarity": 0.5604761124892226,
  "rhythm_similarity": 0.7898371225026387,
  "vowel_similarity": 0.42519516547090275,
  "overall": 0.3976328569302229
}