{
  "pause_similarity": 0.08000000000000002,
  "pitch_similarity": 0.4231365625950825,
  "energy_similarity": 0.35788118360085985,
  "rhythm_similarity": 0.7234578512474217,
  "vowel_similarity": 0.5868788142981695,
  "overall": 0.3862993223938732
}