{
  "pause_similarity": 0.26666666666666666,
  "pitch_similarity": 0.4920131870772624,
  "energy_similarity": 0.3651263613705449,
  "rhythm_similarity": 0.7068997609752519,
  "vowel_similarity": 0.34203380214560886,
  "overall": 0.3755267077230431
}