{
  "alignment_count": 1,
  "text_similarity": {
    "mean": 0.5338857173919678,
    "min": 0.5338857173919678,
    "max": 0.5338857173919678
  },
  "temporal_similarity": {
    "mean": 0.5582904645287813,
    "min": 0.5582904645287813,
    "max": 0.5582904645287813
  },
  "overall_similarity": {
    "mean": 0.5222334675967016,
    "min": 0.5222334675967016,
    "max": 0.5222334675967016
  },
  "mapping_types": {
    "one_to_one": 1,
    "n_to_m": 0
  },
  "fallback_count": 0,
  "missing_segments_count": 0
}