{
  "alignment_count": 1,
  "text_similarity": {
    "mean": 0.475167840719223,
    "min": 0.475167840719223,
    "max": 0.475167840719223
  },
  "temporal_similarity": {
    "mean": 0.8238460938515534,
    "min": 0.8238460938515534,
    "max": 0.8238460938515534
  },
  "overall_similarity": {
    "mean": 0.6526223189037426,
    "min": 0.6526223189037426,
    "max": 0.6526223189037426
  },
  "mapping_types": {
    "one_to_one": 1,
    "n_to_m": 0
  },
  "fallback_count": 0,
  "missing_segments_count": 0
}