{
  "pause_similarity": 0.4338552783696209,
  "pitch_similarity": 0.5235792749722933,
  "energy_similarity": 0.3910885631808042,
  "rhythm_similarity": 0.5552052404496707,
  "vowel_similarity": 0.6204884386765561,
  "overall": 0.5023992792922103
}