{
  "pause_similarity": 0.16000000000000003,
  "pitch_similarity": 0.47742031793687145,
  "energy_similarity": 0.4950296201928728,
  "rhythm_similarity": 0.6701521631032639,
  "vowel_similarity": 0.477902282723621,
  "overall": 0.4051338569596744
}