{
  "pause_similarity": 0.5513773729760806,
  "pitch_similarity": 0.4666579103372166,
  "energy_similarity": 0.5519610987488974,
  "rhythm_similarity": 0.592179243915621,
  "vowel_similarity": 0.6153100390704509,
  "overall": 0.5662821587890227
}