{
  "pause_similarity": 0.6504377106673251,
  "pitch_similarity": 0.5067083604092746,
  "energy_similarity": 0.6050571041368417,
  "rhythm_similarity": 0.7356870953202669,
  "vowel_similarity": 0.5698848721639096,
  "overall": 0.6113477412496928
}