{
  "pause_similarity": 0.0,
  "pitch_similarity": 0.4756137648881149,
  "energy_similarity": 0.36210394132313606,
  "rhythm_similarity": 0.6408615258216357,
  "vowel_similarity": 0.5286568610170788,
  "overall": 0.3426653756407259
}