{
  "alignment_count": 1,
  "text_similarity": {
    "mean": 0.2,
    "min": 0.2,
    "max": 0.2
  },
  "temporal_similarity": {
    "mean": 0.7661925497776065,
    "min": 0.7661925497776065,
    "max": 0.7661925497776065
  },
  "overall_similarity": {
    "mean": 0.45791701101869936,
    "min": 0.45791701101869936,
    "max": 0.45791701101869936
  },
  "mapping_types": {
    "one_to_one": 1,
    "n_to_m": 0
  },
  "fallback_count": 1,
  "missing_segments_count": 0
}