{
  "pause_similarity": 0.4,
  "pitch_similarity": 0.6294016404272025,
  "energy_similarity": 0.5378818486015873,
  "rhythm_similarity": 0.6571795846534345,
  "vowel_similarity": 0.3127889689823975,
  "overall": 0.4500711829231004
}