{
  "pause_similarity": 0.1,
  "pitch_similarity": 0.4963800607337726,
  "energy_similarity": 0.3789981190116656,
  "rhythm_similarity": 0.4057480207509843,
  "vowel_similarity": 0.7,
  "overall": 0.4060124319508088
}