{
  "alignment_count": 4,
  "text_similarity": {
    "mean": 0.6476486176252365,
    "min": 0.5724459886550903,
    "max": 0.7684681415557861
  },
  "temporal_similarity": {
    "mean": 0.48481120247478526,
    "min": 0.19902702702702701,
    "max": 0.7238709677419357
  },
  "overall_similarity": {
    "mean": 0.5915899269483567,
    "min": 0.5444106473544696,
    "max": 0.6452337470157173
  },
  "fallback_count": 0
}