{
  "alignment_count": 1,
  "text_similarity": {
    "mean": 0.6776466965675354,
    "min": 0.6776466965675354,
    "max": 0.6776466965675354
  },
  "temporal_similarity": {
    "mean": 0.8982683262990234,
    "min": 0.8982683262990234,
    "max": 0.8982683262990234
  },
  "overall_similarity": {
    "mean": 0.7947215501103644,
    "min": 0.7947215501103644,
    "max": 0.7947215501103644
  },
  "mapping_types": {
    "one_to_one": 1,
    "n_to_m": 0
  },
  "fallback_count": 0,
  "missing_segments_count": 0
}