{
  "alignment_count": 1,
  "text_similarity": {
    "mean": 0.5661082863807678,
    "min": 0.5661082863807678,
    "max": 0.5661082863807678
  },
  "temporal_similarity": {
    "mean": 0.5315735725855436,
    "min": 0.5315735725855436,
    "max": 0.5315735725855436
  },
  "overall_similarity": {
    "mean": 0.5421454762031395,
    "min": 0.5421454762031395,
    "max": 0.5421454762031395
  },
  "mapping_types": {
    "one_to_one": 1,
    "n_to_m": 0
  },
  "fallback_count": 0,
  "missing_segments_count": 0
}