{
  "alignment_count": 1,
  "text_similarity": {
    "mean": 0.46666496992111206,
    "min": 0.46666496992111206,
    "max": 0.46666496992111206
  },
  "temporal_similarity": {
    "mean": 0.8957514237376987,
    "min": 0.8957514237376987,
    "max": 0.8957514237376987
  },
  "overall_similarity": {
    "mean": 0.649933623950715,
    "min": 0.649933623950715,
    "max": 0.649933623950715
  },
  "mapping_types": {
    "one_to_one": 1,
    "n_to_m": 0
  },
  "fallback_count": 0,
  "missing_segments_count": 0
}