{
  "pause_similarity": 0.2,
  "pitch_similarity": 0.47672365351692003,
  "energy_similarity": 0.4550886948273544,
  "rhythm_similarity": 0.4360440146453151,
  "vowel_similarity": 0.5853092184120019,
  "overall": 0.41788727130529496
}