{
  "pause_similarity": 0.2106535372167701,
  "pitch_similarity": 0.5415558792039736,
  "energy_similarity": 0.351950663881493,
  "rhythm_similarity": 0.561476972957525,
  "vowel_similarity": 0.6640613790801468,
  "overall": 0.4431078928815235
}