{
  "pause_similarity": 0.13333333333333333,
  "pitch_similarity": 0.5017050110024762,
  "energy_similarity": 0.38746005989600574,
  "rhythm_similarity": 0.5809096931304993,
  "vowel_similarity": 0.7788854151403315,
  "overall": 0.4594191069345982
}