{
  "alignment_count": 1,
  "text_similarity": {
    "mean": 0.5043020844459534,
    "min": 0.5043020844459534,
    "max": 0.5043020844459534
  },
  "temporal_similarity": {
    "mean": 0.9603960112429955,
    "min": 0.9603960112429955,
    "max": 0.9603960112429955
  },
  "overall_similarity": {
    "mean": 0.6549413037186467,
    "min": 0.6549413037186467,
    "max": 0.6549413037186467
  },
  "mapping_types": {
    "one_to_one": 1,
    "n_to_m": 0
  },
  "fallback_count": 0,
  "missing_segments_count": 0
}