{
  "pause_similarity": 0.2,
  "pitch_similarity": 0.5049466042711481,
  "energy_similarity": 0.4869292188507672,
  "rhythm_similarity": 0.6284587725639958,
  "vowel_similarity": 0.7,
  "overall": 0.48072638145366786
}