{
  "pause_similarity": 0.23871431893555917,
  "pitch_similarity": 0.4905748224731843,
  "energy_similarity": 0.2872363820878119,
  "rhythm_similarity": 0.39390999765421325,
  "vowel_similarity": 0.3026255529542752,
  "overall": 0.3082977199972524
}