{
  "pause_similarity": 0.16135558348607895,
  "pitch_similarity": 0.49021475180686086,
  "energy_similarity": 0.3995173032832992,
  "rhythm_similarity": 0.5813355808461451,
  "vowel_similarity": 0.6064544408670296,
  "overall": 0.417401501227893
}