{
  "pause_similarity": 0.0,
  "pitch_similarity": 0.49417332011250903,
  "energy_similarity": 0.8066019452902528,
  "rhythm_similarity": 0.5882342556583054,
  "vowel_similarity": 0.9759566592084146,
  "overall": 0.5623481443976563,
  "alignment_score": 0.7798076173144417,
  "final_score": 0.6275859862726919,
  "grade": "C",
  "improvement_suggestions": [
    "휴지(일시정지) 패턴 개선: 원본 음성의 문장 구분과 쉼표 위치에 맞춰 일시정지 패턴을 조정하세요.",
    "음높이(피치) 패턴 개선: 원본 음성의 억양 패턴을 모방하여 자연스러운 음높이 변화를 추가하세요.",
    "리듬 패턴 개선: 원본 음성의 말하기 속도 변화와 단어 간격을 더 정확히 모방하세요.",
    "세부적인 조정을 통해 더 자연스러운 합성 음성을 만들 수 있습니다."
  ]
}