{
  "pause_similarity": 0.0,
  "pitch_similarity": 0.515424096081883,
  "energy_similarity": 0.43735040955163906,
  "rhythm_similarity": 0.4734791126691138,
  "vowel_similarity": 0.39354605891675243,
  "overall": 0.30442422046045325
}