{
  "pause_similarity": 0.22385244726276196,
  "pitch_similarity": 0.5221660304043135,
  "energy_similarity": 0.40713901764172766,
  "rhythm_similarity": 0.6407335534831959,
  "vowel_similarity": 0.9186482038329855,
  "overall": 0.5404679572458208
}