{
  "pause_similarity": 0.7074201852183876,
  "pitch_similarity": 0.46908076489585965,
  "energy_similarity": 0.36006419519971344,
  "rhythm_similarity": 0.6454309924996946,
  "vowel_similarity": 0.6010849669519645,
  "overall": 0.5760155604306038,
  "alignment_score": 0.7493506303399167,
  "final_score": 0.6280160814033976,
  "grade": "C",
  "improvement_suggestions": [
    "음높이(피치) 패턴 개선: 원본 음성의 억양 패턴을 모방하여 자연스러운 음높이 변화를 추가하세요.",
    "에너지(강세) 패턴 개선: 원본 음성에서 강조된 단어나 구문에 맞게 합성 음성의 볼륨과 강세를 조정하세요.",
    "리듬 패턴 개선: 원본 음성의 말하기 속도 변화와 단어 간격을 더 정확히 모방하세요.",
    "모음 길이 패턴 개선: 중요한 모음의 길이를 원본과 유사하게 조정하여 자연스러운 발음을 구현하세요.",
    "세부적인 조정을 통해 더 자연스러운 합성 음성을 만들 수 있습니다."
  ]
}