{
  "pause_similarity": 0.07272727272727274,
  "pitch_similarity": 0.43027835064369646,
  "energy_similarity": 0.4027713265871934,
  "rhythm_similarity": 0.6491125253676542,
  "vowel_similarity": 0.45112532955023155,
  "overall": 0.34564913360182503
}