{
  "alignment_count": 1,
  "text_similarity": {
    "mean": 0.4594878852367401,
    "min": 0.4594878852367401,
    "max": 0.4594878852367401
  },
  "temporal_similarity": {
    "mean": 0.8985405415943697,
    "min": 0.8985405415943697,
    "max": 0.8985405415943697
  },
  "overall_similarity": {
    "mean": 0.6485763758938657,
    "min": 0.6485763758938657,
    "max": 0.6485763758938657
  },
  "mapping_types": {
    "one_to_one": 1,
    "n_to_m": 0
  },
  "fallback_count": 0,
  "missing_segments_count": 0
}