{
  "pause_similarity": 0.15338273039309266,
  "pitch_similarity": 0.4587305549478099,
  "energy_similarity": 0.32904981050751003,
  "rhythm_similarity": 0.5786786229666268,
  "vowel_similarity": 0.4578410358463859,
  "overall": 0.35291800976478926
}