{
  "pause_similarity": 0.12984807554220146,
  "pitch_similarity": 0.4496271734634839,
  "energy_similarity": 0.36148729649220424,
  "rhythm_similarity": 0.39871513170796213,
  "vowel_similarity": 0.6097117121299392,
  "overall": 0.37899962611722765
}