{
  "pause_similarity": 0.12,
  "pitch_similarity": 0.4703138444389143,
  "energy_similarity": 0.4884204512030156,
  "rhythm_similarity": 0.7071015213995089,
  "vowel_similarity": 0.4664703311426993,
  "overall": 0.39136672616725526
}