{
  "pause_similarity": 0.16000000000000003,
  "pitch_similarity": 0.5373095468424999,
  "energy_similarity": 0.30406786671559766,
  "rhythm_similarity": 0.605133258173724,
  "vowel_similarity": 0.5431687614683067,
  "overall": 0.386008482285234
}