{
  "alignment_count": 1,
  "text_similarity": {
    "mean": 0.5379571318626404,
    "min": 0.5379571318626404,
    "max": 0.5379571318626404
  },
  "temporal_similarity": {
    "mean": 0.0,
    "min": 0.0,
    "max": 0.0
  },
  "overall_similarity": {
    "mean": 0.46175260843695254,
    "min": 0.46175260843695254,
    "max": 0.46175260843695254
  },
  "mapping_types": {
    "one_to_one": 1,
    "n_to_m": 0
  },
  "fallback_count": 0,
  "missing_segments_count": 0
}