{
  "pause_similarity": 0.3530386084403314,
  "pitch_similarity": 0.6182979036252617,
  "energy_similarity": 0.31102808532890697,
  "rhythm_similarity": 0.7150353643819642,
  "vowel_similarity": 0.5665827437707316,
  "overall": 0.4714253495298229
}