{
  "alignment_count": 1,
  "text_similarity": {
    "mean": 0.4845443665981293,
    "min": 0.4845443665981293,
    "max": 0.4845443665981293
  },
  "temporal_similarity": {
    "mean": 0.8139431545346538,
    "min": 0.8139431545346538,
    "max": 0.8139431545346538
  },
  "overall_similarity": {
    "mean": 0.5934267069267878,
    "min": 0.5934267069267878,
    "max": 0.5934267069267878
  },
  "mapping_types": {
    "one_to_one": 1,
    "n_to_m": 0
  },
  "fallback_count": 0,
  "missing_segments_count": 0
}