{
  "alignment_count": 1,
  "text_similarity": {
    "mean": 0.5096535086631775,
    "min": 0.5096535086631775,
    "max": 0.5096535086631775
  },
  "temporal_similarity": {
    "mean": 0.8423202423037849,
    "min": 0.8423202423037849,
    "max": 0.8423202423037849
  },
  "overall_similarity": {
    "mean": 0.6771469966353736,
    "min": 0.6771469966353736,
    "max": 0.6771469966353736
  },
  "mapping_types": {
    "one_to_one": 1,
    "n_to_m": 0
  },
  "fallback_count": 0,
  "missing_segments_count": 0
}