{
  "pause_similarity": 0.06153846153846154,
  "pitch_similarity": 0.46131064178461106,
  "energy_similarity": 0.5201991700908328,
  "rhythm_similarity": 0.5749185017729287,
  "vowel_similarity": 0.4959550710083627,
  "overall": 0.3749108081379678
}