{
  "alignment_count": 1,
  "text_similarity": {
    "mean": 0.501166820526123,
    "min": 0.501166820526123,
    "max": 0.501166820526123
  },
  "temporal_similarity": {
    "mean": 0.8727126746113758,
    "min": 0.8727126746113758,
    "max": 0.8727126746113758
  },
  "overall_similarity": {
    "mean": 0.6277756519051332,
    "min": 0.6277756519051332,
    "max": 0.6277756519051332
  },
  "mapping_types": {
    "one_to_one": 1,
    "n_to_m": 0
  },
  "fallback_count": 0,
  "missing_segments_count": 0
}