{
  "alignment_count": 1,
  "text_similarity": {
    "mean": 0.4840570390224457,
    "min": 0.4840570390224457,
    "max": 0.4840570390224457
  },
  "temporal_similarity": {
    "mean": 0.8170215588723051,
    "min": 0.8170215588723051,
    "max": 0.8170215588723051
  },
  "overall_similarity": {
    "mean": 0.6318160264211179,
    "min": 0.6318160264211179,
    "max": 0.6318160264211179
  },
  "mapping_types": {
    "one_to_one": 1,
    "n_to_m": 0
  },
  "fallback_count": 0,
  "missing_segments_count": 0
}