{
  "pause_similarity": 0.17142857142857143,
  "pitch_similarity": 0.45285318995660495,
  "energy_similarity": 0.45280507815760224,
  "rhythm_similarity": 0.6421759331712102,
  "vowel_similarity": 0.5675864133323882,
  "overall": 0.42176842337258985
}